actor_i,actor_j,weight
abdiasirta,ribhadda,44
ribhadda,yanhamu,13
aziru,ribhadda,13
ribhadda,yapabalu,11
abdiasirta,aziru,11
pharaoh,tusratta,10
amonappa,ribhadda,10
abdiasirta,yanhamu,10
mane,pharaoh,8
mane,tusratta,8
keliya,pharaoh,7
keliya,tusratta,7
abdiasirta,amonappa,7
abdiasirta,yapabalu,7
yidya,yidyia,7
burnaburias,pharaoh,6
keliya,mane,6
pharaoh,taduheba,6
taduheba,tusratta,6
yanhamu,yapabalu,6
piwuru,ribhadda,6
abimilku,zimreddi,6
aziru,hatip,6
kadasmanenlil,pharaoh,5
mane,taduheba,5
aziru,yanhamu,5
abdiasirta,haip,5
abdiasirta,piwuru,5
piwuru,yanhamu,5
puhuru,ribhadda,5
labayu,milkiilu,5
yapahu,yapau,5
keliya,taduheba,4
mane,teye,4
pharaoh,teye,4
taduheba,teye,4
teye,tusratta,4
biryawaza,etakkama,4
haya,ribhadda,4
abdiasirta,zimreddi,4
milkiuru,ribhadda,4
milkiuru,ummahnu,4
ribhadda,ummahnu,4
aziru,haip,4
haip,ribhadda,4
aziru,piwuru,4
ammunira,ribhadda,4
abimilku,aziru,4
aziru,zimreddi,4
aziru,tutu,4
labayu,tagi,4
milkiilu,yanhamu,4
suwardata,yanhamu,4
abdiheba,yanhamu,4
abdiheba,milkiilu,4
keliya,teye,3
akizzi,etakkama,3
arzawya,etakkama,3
abdiasirta,haya,3
abdiasirta,milkiuru,3
abdiasirta,ummahnu,3
milkiuru,yanhamu,3
ribhadda,zimreddi,3
ummahnu,yanhamu,3
yapabalu,zimreddi,3
amonappa,yanhamu,3
amonmassa,ribhadda,3
amonmassa,yapabalu,3
aziru,yapabalu,3
abdiasirta,puhuru,3
aziru,puhuru,3
piwuru,puhuru,3
puhuru,yanhamu,3
aziru,ilirapi,3
abdiasirta,ammunira,3
aziru,etakkama,3
sutarna,suttarna,3
zitriyara,zitriyarah,3
biridiya,labayu,3
milkiilu,tagi,3
haddaya,labayu,3
haddaya,milkiilu,3
balumeher,balumehir,3
labayu,piwuru,3
piwuru,tagi,3
abdiheba,labayu,3
abdiheba,suwardata,3
abdiheba,haddaya,3
siptibala,tiptibalu,3
asali,keliya,2
asali,mane,2
asali,pharaoh,2
asali,taduheba,2
asali,tusratta,2
mane,pirissi,2
mane,tulubri,2
pharaoh,pirissi,2
pharaoh,tulubri,2
pirissi,taduheba,2
pirissi,teye,2
pirissi,tulubri,2
pirissi,tusratta,2
taduheba,tulubri,2
teye,tulubri,2
tulubri,tusratta,2
pharaoh,suppiluliuma,2
akizzi,biryawaza,2
akizzi,arzawya,2
akizzi,pharaoh,2
akizzi,tassu,2
akizzi,tiwate,2
arzawya,biryawaza,2
arzawya,tiwate,2
etakkama,tassu,2
etakkama,tiwate,2
abdiasirta,pahanate,2
pahanate,ribhadda,2
milkiuru,yapabalu,2
ummahnu,yapabalu,2
yanhamu,zimreddi,2
abdiasirta,puheya,2
milkiuru,puheya,2
puheya,ribhadda,2
puheya,ummahnu,2
surata,yanhamu,2
haya,yanhamu,2
haip,piwuru,2
haip,puhuru,2
haip,yanhamu,2
abdibalu,ribhadda,2
abdibalu,yapabalu,2
aziru,ilirapih,2
ilirapi,ilirapih,2
abdiasirta,abimilku,2
aziru,biryawaza,2
aziru,hanya,2
hatip,tutu,2
amonhatpe,mayarzana,2
arsawuya,arzawya,2
biridaswa,biryawaza,2
wiktasu,yiktasu,2
sumadda,sumhaddu,2
biridiya,yasdata,2
baluursag,labayu,2
baluursag,milkiilu,2
haya,labayu,2
haya,milkiilu,2
milkiilu,suwardata,2
haddaya,yanhamu,2
abdiheba,piwuru,2
abdiheba,tagi,2
haddaya,piwuru,2
haddaya,tagi,2
milkiilu,piwuru,2
turbazu,yaptihhaddu,2
addadanu,gulati,2
addadanu,piya,2
gulati,piya,2
hiziru,hizziri,2
kadasmanenlil,kasi,1
kasi,pharaoh,1
kadasmanenlil,sutti,1
pharaoh,sutti,1
ahutabu,balumme,1
ahutabu,burnaburias,1
ahutabu,pharaoh,1
ahutabu,saratum,1
ahutabu,sumadda,1
ahutabu,sutatna,1
balumme,burnaburias,1
balumme,pharaoh,1
balumme,saratum,1
balumme,sumadda,1
balumme,sutatna,1
burnaburias,saratum,1
burnaburias,sumadda,1
burnaburias,sutatna,1
pharaoh,saratum,1
pharaoh,sumadda,1
pharaoh,sutatna,1
saratum,sumadda,1
saratum,sutatna,1
sumadda,sutatna,1
burnaburias,kurigalzu,1
kurigalzu,pharaoh,1
burnaburias,karaindas,1
burnaburias,mayati,1
burnaburias,sindisugab,1
karaindas,mayati,1
karaindas,pharaoh,1
karaindas,sindisugab,1
mayati,pharaoh,1
mayati,sindisugab,1
pharaoh,sindisugab,1
burnaburias,haamassi,1
burnaburias,haya,1
burnaburias,hua,1
burnaburias,mihuni,1
burnaburias,salmu,1
haamassi,haya,1
haamassi,hua,1
haamassi,mihuni,1
haamassi,pharaoh,1
haamassi,salmu,1
haya,hua,1
haya,mihuni,1
haya,pharaoh,1
haya,salmu,1
hua,mihuni,1
hua,pharaoh,1
hua,salmu,1
mihuni,pharaoh,1
mihuni,salmu,1
pharaoh,salmu,1
a-babylonian-princess-of-babylon,burnaburias,1
a-babylonian-princess-of-babylon,kidinadad,1
burnaburias,kidinadad,1
assurnadinahhe,assuruballit,1
artasumara,keliya,1
artasumara,keluheba,1
artasumara,pharaoh,1
artasumara,tunipibri,1
artasumara,tusratta,1
artasumara,udhi,1
keliya,keluheba,1
keliya,tunipibri,1
keliya,udhi,1
keluheba,pharaoh,1
keluheba,tunipibri,1
keluheba,tusratta,1
keluheba,udhi,1
pharaoh,tunipibri,1
pharaoh,udhi,1
tunipibri,tusratta,1
tunipibri,udhi,1
tusratta,udhi,1
keliya,waaramassi,1
mane,waaramassi,1
pharaoh,waaramassi,1
tusratta,waaramassi,1
hane,mane,1
hane,nahramassi,1
hane,pharaoh,1
hane,tusratta,1
mane,nahramassi,1
nahramassi,pharaoh,1
nahramassi,tusratta,1
artatama,asali,1
artatama,keliya,1
artatama,mane,1
artatama,pharaoh,1
artatama,suttarna,1
artatama,taduheba,1
artatama,tusratta,1
asali,suttarna,1
keliya,suttarna,1
mane,suttarna,1
pharaoh,suttarna,1
suttarna,taduheba,1
suttarna,tusratta,1
keliya,pirissi,1
keliya,tulubri,1
asali,teye,1
akiya,tusratta,1
irsappa,pharaoh,1
irsappa,tarhundaradu,1
pharaoh,tarhundaradu,1
kalbaya,tarhundaradu,1
sumitti,the-governor-of-alasiya,1
sumitti,the-governor-of-egypt,1
the-governor-of-alasiya,the-governor-of-egypt,1
pharaoh,zita,1
ammistamru,ammittamru,1
a-king-of-ugarit,hanya,1
haramassi,niqmadda,1
haramassi,niqmaddaii,1
niqmadda,niqmaddaii,1
addunirari,haddu,1
addunirari,manahpirya,1
addunirari,tagu,1
haddu,manahpirya,1
haddu,tagu,1
manahpirya,tagu,1
akizzi,haddu,1
arzawya,haddu,1
arzawya,pharaoh,1
arzawya,tassu,1
biryawaza,haddu,1
biryawaza,pharaoh,1
biryawaza,tassu,1
biryawaza,tiwate,1
etakkama,haddu,1
etakkama,pharaoh,1
haddu,pharaoh,1
haddu,tassu,1
haddu,tiwate,1
pharaoh,tassu,1
pharaoh,tiwate,1
tassu,tiwate,1
akizzi,aziru,1
aziru,pharaoh,1
akizzi,arsawya,1
arsawya,etakkama,1
arsawya,tassu,1
akizzi,puhuru,1
akizzi,sumitti,1
puhuru,sumitti,1
abdiasirta,tehutessub,1
abdiasirta,tehutessup,1
tehutessub,tehutessup,1
akitessub,aziru,1
akitessub,manahpirya,1
akitessub,the-citizens-of-tunip,1
aziru,manahpirya,1
aziru,the-citizens-of-tunip,1
manahpirya,the-citizens-of-tunip,1
abdiasirta,arzayu,1
abdiasirta,bisitanu,1
abdiasirta,maya,1
abdiasirta,tabili,1
abdiasirta,yamaya,1
arzayu,bisitanu,1
arzayu,maya,1
arzayu,pahanate,1
arzayu,tabili,1
arzayu,yamaya,1
bisitanu,maya,1
bisitanu,pahanate,1
bisitanu,tabili,1
bisitanu,yamaya,1
maya,pahanate,1
maya,tabili,1
maya,yamaya,1
pahanate,tabili,1
pahanate,yamaya,1
tabili,yamaya,1
appiha,ribhadda,1
abdiasirta,aduna,1
abdiasirta,miya,1
aduna,miya,1
aduna,ribhadda,1
miya,ribhadda,1
amonappa,milkayi,1
milkayi,ribhadda,1
milkiuru,zimreddi,1
ummahnu,zimreddi,1
abdiasirta,abdininurta,1
abdininurta,milkiuru,1
abdininurta,puheya,1
abdininurta,ribhadda,1
abdininurta,ummahnu,1
abdiasirta,surata,1
milkiuru,surata,1
puheya,surata,1
puheya,yanhamu,1
puheya,yapabalu,1
ribhadda,surata,1
surata,ummahnu,1
surata,yapabalu,1
amonappa,milkiuru,1
amonappa,ummahnu,1
an-egyptian-general,ribhadda,1
abdiasirta,sumhaddu,1
abdiasirta,yappahhadda,1
sumhaddu,yapabalu,1
sumhaddu,yappahhadda,1
yapabalu,yappahhadda,1
aziru,yapahaddi,1
aziru,yappahhadda,1
yanhamu,yapahaddi,1
yanhamu,yappahhadda,1
yapahaddi,yappahhadda,1
dumupiha,the-city-of-irqata,1
abdiasirta,pubalu,1
pubalu,ribhadda,1
abdiasirta,amonmassa,1
abdiasirta,dumupiha,1
amonmassa,dumupiha,1
amonmassa,yanhamu,1
dumupiha,ribhadda,1
dumupiha,yanhamu,1
dumupiha,yapabalu,1
amonappa,haya,1
amonmassa,aziru,1
amonappa,aziru,1
amonappa,haip,1
amonappa,piwuru,1
amonappa,puhuru,1
amonappa,yapabalu,1
haip,yapabalu,1
piwuru,yapabalu,1
puhuru,yapabalu,1
abdibalu,binazimi,1
binazimi,ribhadda,1
binazimi,yapabalu,1
abdiasirta,abdimilki,1
abdiasirta,abdirama,1
abdiasirta,yantinbalu,1
abdimilki,abdirama,1
abdimilki,puhuru,1
abdimilki,ribhadda,1
abdimilki,yantinbalu,1
abdirama,puhuru,1
abdirama,ribhadda,1
abdirama,yantinbalu,1
puhuru,yantinbalu,1
ribhadda,yantinbalu,1
ilirapi,ribhadda,1
abdiasirta,biryawaza,1
biryawaza,piwuru,1
biryawaza,ribhadda,1
irimayassa,ribhadda,1
pahanate,piwuru,1
pahanate,puhuru,1
pahanate,yanhamu,1
abdiasirta,api,1
ammunira,api,1
ammunira,aziru,1
api,aziru,1
api,ribhadda,1
ilirapi,puhuru,1
ilirapih,puhuru,1
aduna,aziru,1
aduna,etakkama,1
aduna,ilirapi,1
aduna,ilirapih,1
etakkama,ilirapi,1
etakkama,ilirapih,1
api,zimreddi,1
abimilku,haip,1
haip,zimreddi,1
abimilku,biryawaza,1
abimilku,etakkama,1
abimilku,ilimilki,1
aziru,ilimilki,1
biryawaza,ilimilki,1
biryawaza,zimreddi,1
etakkama,ilimilki,1
etakkama,zimreddi,1
ilimilki,zimreddi,1
abimilku,yawa,1
aziru,yawa,1
yawa,zimreddi,1
abimilku,mayati,1
aziru,betili,1
betili,hanya,1
betili,hatip,1
hanya,hatip,1
aziru,baluma,1
aziru,dasarti,1
aziru,leya,1
aziru,manya,1
aziru,nibmahe,1
aziru,pisyari,1
aziru,sarru,1
aziru,tuya,1
baluma,dasarti,1
baluma,hanya,1
baluma,leya,1
baluma,manya,1
baluma,nibmahe,1
baluma,pisyari,1
baluma,sarru,1
baluma,tuya,1
dasarti,hanya,1
dasarti,leya,1
dasarti,manya,1
dasarti,nibmahe,1
dasarti,pisyari,1
dasarti,sarru,1
dasarti,tuya,1
hanya,leya,1
hanya,manya,1
hanya,nibmahe,1
hanya,pisyari,1
hanya,sarru,1
hanya,tuya,1
leya,manya,1
leya,nibmahe,1
leya,pisyari,1
leya,sarru,1
leya,tuya,1
manya,nibmahe,1
manya,pisyari,1
manya,sarru,1
manya,tuya,1
nibmahe,pisyari,1
nibmahe,sarru,1
nibmahe,tuya,1
pisyari,sarru,1
pisyari,tuya,1
sarru,tuya,1
aziru,baluya,1
baluya,hatip,1
aziru,haya,1
hatip,haya,1
aziru,dutessup,1
dutessup,tutu,1
abdiuras,amurbalu,1
abdiuras,anatu,1
abdiuras,baaluyaandbetili,1
abdiuras,baluya,1
abdiuras,betili,1
abdiuras,binanu,1
abdiuras,haddumi,1
abdiuras,lupakku,1
abdiuras,rabiilu,1
abdiuras,rabisidqi,1
abdiuras,zidana,1
amurbalu,anatu,1
amurbalu,baaluyaandbetili,1
amurbalu,baluya,1
amurbalu,betili,1
amurbalu,binanu,1
amurbalu,haddumi,1
amurbalu,lupakku,1
amurbalu,rabiilu,1
amurbalu,rabisidqi,1
amurbalu,zidana,1
anatu,baaluyaandbetili,1
anatu,baluya,1
anatu,betili,1
anatu,binanu,1
anatu,haddumi,1
anatu,lupakku,1
anatu,rabiilu,1
anatu,rabisidqi,1
anatu,zidana,1
baaluyaandbetili,baluya,1
baaluyaandbetili,betili,1
baaluyaandbetili,binanu,1
baaluyaandbetili,haddumi,1
baaluyaandbetili,lupakku,1
baaluyaandbetili,rabiilu,1
baaluyaandbetili,rabisidqi,1
baaluyaandbetili,zidana,1
baluya,betili,1
baluya,binanu,1
baluya,haddumi,1
baluya,lupakku,1
baluya,rabiilu,1
baluya,rabisidqi,1
baluya,zidana,1
betili,binanu,1
betili,haddumi,1
betili,lupakku,1
betili,rabiilu,1
betili,rabisidqi,1
betili,zidana,1
binanu,haddumi,1
binanu,lupakku,1
binanu,rabiilu,1
binanu,rabisidqi,1
binanu,zidana,1
haddumi,lupakku,1
haddumi,rabiilu,1
haddumi,rabisidqi,1
haddumi,zidana,1
lupakku,rabiilu,1
lupakku,rabisidqi,1
lupakku,zidana,1
rabiilu,rabisidqi,1
rabiilu,zidana,1
rabisidqi,zidana,1
bieri,biri,1
bieri,etakkama,1
biri,etakkama,1
etakkama,ildayyi,1
etakkama,ilidayyani,1
ildayyi,ilidayyani,1
sadiya,satiya,1
biryawaza,puhuru,1
etakkama,puhuru,1
tiwate,tiwati,1
biryawaza,hastar,1
biryawaza,suttarna,1
hastar,suttarna,1
arzawya,aziru,1
arzawya,biridaswa,1
aziru,biridaswa,1
biridaswa,etakkama,1
arassa,hamassi,1
amawase,amayase,1
ipte,puhuru,1
nibhuriya,zisamimi,1
bayawa,yanhamu,1
bayawa,maya,1
kurtuyaofnu,nukurtuya,1
endaruta,intaruta,1
kusuna,sumadda,1
kusuna,sumhaddu,1
sipturisa,tipturiza,1
abditirsi,hanya,1
maya,yama,1
biryawaza,satatna,1
biryawaza,suta,1
biryawaza,zirdamyasda,1
satatna,suta,1
satatna,zirdamyasda,1
suta,zirdamyasda,1
bayadi,labayu,1
balumeher,biridiya,1
balumeher,labayu,1
balumeher,surata,1
balumeher,yasdata,1
biridiya,surata,1
labayu,surata,1
labayu,yasdata,1
surata,yasdata,1
baluursag,tagi,1
baluursag,biryawaza,1
biryawaza,labayu,1
biryawaza,milkiilu,1
haya,murbahlu,1
labayu,murbahlu,1
ayab,binilima,1
ayab,murbahlu,1
ayab,sulummarduk,1
ayab,taduwa,1
ayab,yanhamu,1
ayab,yasuya,1
binilima,murbahlu,1
binilima,sulummarduk,1
binilima,taduwa,1
binilima,yanhamu,1
binilima,yasuya,1
murbahlu,sulummarduk,1
murbahlu,taduwa,1
murbahlu,yanhamu,1
murbahlu,yasuya,1
sulummarduk,taduwa,1
sulummarduk,yanhamu,1
sulummarduk,yasuya,1
taduwa,yanhamu,1
taduwa,yasuya,1
yanhamu,yasuya,1
balumehir,balumer,1
tagi,tahmassi,1
addadanu,sum,1
milkiilu,ninurmahmes,1
labayu,suwardata,1
rahmanu,suwardata,1
rahmanu,yanhamu,1
abdiheba,suta,1
abdiheba,turbazu,1
abdiheba,yaptihhaddu,1
abdiheba,zimreddi,1
suta,turbazu,1
suta,yaptihhaddu,1
suta,zimreddi,1
turbazu,zimreddi,1
yaptihhaddu,zimreddi,1
abdiheba,arzayu,1
abdiheba,haya,1
abdiheba,miyare,1
arzayu,haddaya,1
arzayu,haya,1
arzayu,labayu,1
arzayu,milkiilu,1
arzayu,miyare,1
arzayu,piwuru,1
arzayu,tagi,1
arzayu,yanhamu,1
haddaya,haya,1
haddaya,miyare,1
haya,miyare,1
haya,piwuru,1
haya,tagi,1
labayu,miyare,1
labayu,yanhamu,1
milkiilu,miyare,1
miyare,piwuru,1
miyare,tagi,1
miyare,yanhamu,1
tagi,yanhamu,1
addadanu,maya,1
addadanu,reanap,1
gulati,maya,1
gulati,reanap,1
maya,piya,1
maya,reanap,1
piya,reanap,1
addadanu,zimreddi,1
gulati,zimreddi,1
piya,zimreddi,1
addadanu,baludanu,1
addadanu,kalbi,1
addadanu,yabniili,1
baludanu,kalbi,1
baludanu,yabniili,1
kalbi,yabniili,1
yahtiru,yanhamu,1
maya,yapahu,1
maya,yapau,1
hanya,subandu,1
subandu,tahmassi,1
pubalu,reanap,1
pubalu,tahmassi,1
reanap,yidya,1
reanap,yidyia,1
maya,yabniili,1
maya,yabniilu,1
yabniili,yabniilu,1
siptibala,yanhamu,1
tiptibalu,yanhamu,1
paapu,payapu,1
paapu,rapiilu,1
paapu,tiptibalu,1
paapu,zimreddi,1
payapu,rapiilu,1
payapu,tiptibalu,1
payapu,zimreddi,1
rapiilu,tiptibalu,1
rapiilu,zimreddi,1
tiptibalu,zimreddi,1
abdiastarti,turbazu,1
abdiastarti,yaptihhaddu,1
hiziru,maya,1
hizziri,maya,1
abdirisa,etakkama,1
ayab,ayyab,1
ayab,tahmassi,1
ayyab,tahmassi,1
abdiheba,intaruta,1
abdiheba,surata,1
intaruta,surata,1
intaruta,suwardata,1
intaruta,yanhamu,1
surata,suwardata,1
hanya,intaruta,1
hanya,mairiya,1
intaruta,mairiya,1
hanya,milkiilu,1
irimayassa,yidya,1
