ea,goren_section,goren_site,catalogue_provenience,agree,lat,lon
EA 001,I. EGYPT,Egypt,Egypt,True,27.645,30.896
EA 002,III. BABYLONIA,Babylon,Babylon,True,32.53729695,44.42497815
EA 004,III. BABYLONIA,Babylon,Babylon,True,32.53729695,44.42497815
EA 006,III. BABYLONIA,Babylon,Babylon,True,32.53729695,44.42497815
EA 008,III. BABYLONIA,Babylon,Babylon,True,32.53729695,44.42497815
EA 011,III. BABYLONIA,Babylon,Babylon,True,32.53729695,44.42497815
EA 012,III. BABYLONIA,Babylon,Babylon,True,32.53729695,44.42497815
EA 013,III. BABYLONIA,Babylon,,,32.53729695,44.42497815
EA 014,I. EGYPT,Egypt,,,27.645,30.896
EA 017,IV. MITANNI,Mittani,Mittani,True,,
EA 018,IV. MITANNI,Mittani,,,,
EA 019,IV. MITANNI,Mittani,Mittani,True,,
EA 020,IV. MITANNI,Mittani,Mittani,True,,
EA 021,IV. MITANNI,Mittani,Mittani,True,,
EA 022,IV. MITANNI,Mittani,,,,
EA 023,IV. MITANNI,Mittani,Mittani,True,,
EA 024,IV. MITANNI,Mittani,Mittani,True,,
EA 025,IV. MITANNI,Mittani,,,,
EA 026,IV. MITANNI,Mittani,Mittani,True,,
EA 027,IV. MITANNI,Mittani,Mittani,True,,
EA 028,IV. MITANNI,Mittani,Mittani,True,,
EA 029,IV. MITANNI,Mittani,Mittani,True,,
EA 030,IV. MITANNI,Mittani,Mittani,True,,
EA 032,V. ARZAWA,Arzawa,Arzawa,True,37.2550425793,32.3484461457
EA 033,VI. ALASHTYA,,Alashiya,,,
EA 034,VI. ALASHTYA,,Alashiya,,,
EA 037,VI. ALASHTYA,,Alashiya,,,
EA 038,VI. ALASHTYA,,Alashiya,,,
EA 042,II. HATTI,Hatti,Hatti,True,37.03,37.09
EA 044,II. HATTI,Hatti,Hatti,True,37.03,37.09
EA 045,I. UGARIT,,Ugarit,,,
EA 046,I. UGARIT,,Ugarit,,,
EA 047,I. UGARIT,,Ugarit,,,
EA 048,I. UGARIT,,Ugarit,,,
EA 050,I. BYBLOS (GUBLA),Byblos,,,34.1192487924,35.6461246598
EA 053,I. QATNA,Qatna,Qaṭna,True,34.8346712181,36.8663053869
EA 054,I. QATNA,Qatna,Qaṭna,True,34.8346712181,36.8663053869
EA 055,I. QATNA,Qatna,Qaṭna,True,34.8346712181,36.8663053869
EA 057,I. QATNA,Qatna,,,34.8346712181,36.8663053869
EA 058,V. AN UNSPECIFIED CITY IN THE NEIGHBOURHOOD OF AMURRU,Amurru,Ullaza,False,,
EA 059,II. TUNIP,,Tunip,,,
EA 060,I. AMURRU,Amurru,Amurru,True,,
EA 061,I. AMURRU,Amurru,Amurru,True,,
EA 062,I. AMURRU,Amurru,Amurru,True,,
EA 063,II. GATH (GIMTU),Gimtu,Gath,True,31.7019809,34.8474001
EA 064,II. GATH (GIMTU),Gimtu,Gath,True,31.7019809,34.8474001
EA 065,II. GATH (GIMTU),Gimtu,Gath,True,31.7019809,34.8474001
EA 066,"III. LETTERS OF UNPROVENANCED RULERS, SENT FROM GAZA",Gaza,,,,
EA 067,III. NII (?),,,,,
EA 068,I. BYBLOS (GUBLA),Byblos,Byblos,True,34.1192487924,35.6461246598
EA 069,I. BYBLOS (GUBLA),Byblos,Byblos,True,34.1192487924,35.6461246598
EA 071,I. BYBLOS (GUBLA),Byblos,Byblos,True,34.1192487924,35.6461246598
EA 072,I. BYBLOS (GUBLA),Byblos,Byblos,True,34.1192487924,35.6461246598
EA 074,I. BYBLOS (GUBLA),Byblos,Byblos,True,34.1192487924,35.6461246598
EA 076,I. BYBLOS (GUBLA),Byblos,Byblos,True,34.1192487924,35.6461246598
EA 077,I. BYBLOS (GUBLA),Byblos,Byblos,True,34.1192487924,35.6461246598
EA 078,I. BYBLOS (GUBLA),Byblos,Byblos,True,34.1192487924,35.6461246598
EA 079,I. BYBLOS (GUBLA),Byblos,Byblos,True,34.1192487924,35.6461246598
EA 080,II. LETTERS OF UNPROVENANCED CANAANITE RULERS,,,,,
EA 081,I. BYBLOS (GUBLA),Byblos,Byblos,True,34.1192487924,35.6461246598
EA 082,I. BYBLOS (GUBLA),Byblos,Byblos,True,34.1192487924,35.6461246598
EA 083,I. BYBLOS (GUBLA),Byblos,Byblos,True,34.1192487924,35.6461246598
EA 084,I. BYBLOS (GUBLA),Byblos,Byblos,True,34.1192487924,35.6461246598
EA 085,I. BYBLOS (GUBLA),Byblos,Byblos,True,34.1192487924,35.6461246598
EA 086,I. BYBLOS (GUBLA),Byblos,Byblos,True,34.1192487924,35.6461246598
EA 087,I. BYBLOS (GUBLA),Byblos,Byblos,True,34.1192487924,35.6461246598
EA 088,I. BYBLOS (GUBLA),Byblos,Byblos,True,34.1192487924,35.6461246598
EA 089,I. BYBLOS (GUBLA),Byblos,Byblos,True,34.1192487924,35.6461246598
EA 090,I. BYBLOS (GUBLA),Byblos,Byblos,True,34.1192487924,35.6461246598
EA 091,I. BYBLOS (GUBLA),Byblos,Byblos,True,34.1192487924,35.6461246598
EA 092,I. BYBLOS (GUBLA),Byblos,Byblos,True,34.1192487924,35.6461246598
EA 093,I. BYBLOS (GUBLA),Byblos,Byblos,True,34.1192487924,35.6461246598
EA 095,I. BYBLOS (GUBLA),Byblos,Byblos,True,34.1192487924,35.6461246598
EA 096,II. SUMUR,,Egypt,,,
EA 097,II. BEIRUT (BIRUTA),Beirut,Unknown location,,33.8985935,35.511241
EA 098,II. BEIRUT (BIRUTA),Beirut,Unknown location,,33.8985935,35.511241
EA 100,IV. IRQATA,,Irqata,,,
EA 101,I. BYBLOS (GUBLA),Byblos,Byblos,True,34.1192487924,35.6461246598
EA 102,I. BYBLOS (GUBLA),Byblos,Byblos,True,34.1192487924,35.6461246598
EA 103,I. BYBLOS (GUBLA),Byblos,Byblos,True,34.1192487924,35.6461246598
EA 105,I. BYBLOS (GUBLA),Byblos,Byblos,True,34.1192487924,35.6461246598
EA 106,I. BYBLOS (GUBLA),Byblos,Byblos,True,34.1192487924,35.6461246598
EA 108,I. BYBLOS (GUBLA),Byblos,Byblos,True,34.1192487924,35.6461246598
EA 109,I. BYBLOS (GUBLA),Byblos,Byblos,True,34.1192487924,35.6461246598
EA 110,I. BYBLOS (GUBLA),Byblos,,,34.1192487924,35.6461246598
EA 112,I. BYBLOS (GUBLA),Byblos,Byblos,True,34.1192487924,35.6461246598
EA 115,I. BYBLOS (GUBLA),Byblos,Byblos,True,34.1192487924,35.6461246598
EA 117,I. BYBLOS (GUBLA),Byblos,Byblos,True,34.1192487924,35.6461246598
EA 118,I. BYBLOS (GUBLA),Byblos,Byblos,True,34.1192487924,35.6461246598
EA 119,I. BYBLOS (GUBLA),Byblos,Byblos,True,34.1192487924,35.6461246598
EA 120,I. BYBLOS (GUBLA),Byblos,Byblos,True,34.1192487924,35.6461246598
EA 121,I. BYBLOS (GUBLA),Byblos,Byblos,True,34.1192487924,35.6461246598
EA 123,I. BYBLOS (GUBLA),Byblos,Byblos,True,34.1192487924,35.6461246598
EA 125,I. BYBLOS (GUBLA),Byblos,Byblos,True,34.1192487924,35.6461246598
EA 126,I. BYBLOS (GUBLA),Byblos,Byblos,True,34.1192487924,35.6461246598
EA 127,I. BYBLOS (GUBLA),Byblos,Byblos,True,34.1192487924,35.6461246598
EA 129,I. BYBLOS (GUBLA),Byblos,Byblos,True,34.1192487924,35.6461246598
EA 130,I. BYBLOS (GUBLA),Byblos,Byblos,True,34.1192487924,35.6461246598
EA 131,I. BYBLOS (GUBLA),Byblos,Byblos,True,34.1192487924,35.6461246598
EA 132,I. BYBLOS (GUBLA),Byblos,Byblos,True,34.1192487924,35.6461246598
EA 133,I. BYBLOS (GUBLA),Byblos,Byblos,True,34.1192487924,35.6461246598
EA 136,I. BYBLOS (GUBLA),Byblos,Byblos,True,34.1192487924,35.6461246598
EA 138,I. BYBLOS (GUBLA),Byblos,Byblos,True,34.1192487924,35.6461246598
EA 139,I. BYBLOS (GUBLA),Byblos,Byblos,True,34.1192487924,35.6461246598
EA 140,I. BYBLOS (GUBLA),Byblos,Byblos,True,34.1192487924,35.6461246598
EA 141,II. BEIRUT (BIRUTA),Beirut,Beirut,True,33.8985935,35.511241
EA 142,II. BEIRUT (BIRUTA),Beirut,Beirut,True,33.8985935,35.511241
EA 143,II. BEIRUT (BIRUTA),Beirut,Beirut,True,33.8985935,35.511241
EA 144,II. BEIRUT (BIRUTA),Beirut,Sidon,False,33.8985935,35.511241
EA 145,II. BEIRUT (BIRUTA),Beirut,,,33.8985935,35.511241
EA 146,IV. TYRE (SURRU),Tyre,Tyre,True,31.9150722,35.7538951
EA 147,IV. TYRE (SURRU),Tyre,Tyre,True,31.9150722,35.7538951
EA 149,IV. TYRE (SURRU),Tyre,Tyre,True,31.9150722,35.7538951
EA 151,IV. TYRE (SURRU),Tyre,Tyre,True,31.9150722,35.7538951
EA 152,IV. TYRE (SURRU),Tyre,Tyre,True,31.9150722,35.7538951
EA 154,IV. TYRE (SURRU),Tyre,Tyre,True,31.9150722,35.7538951
EA 155,IV. TYRE (SURRU),Tyre,Tyre,True,31.9150722,35.7538951
EA 156,I. AMURRU,Amurru,Amurru,True,,
EA 157,I. AMURRU,Amurru,Amurru,True,,
EA 159,I. AMURRU,Amurru,Amurru,True,,
EA 161,I. AMURRU,Amurru,Amurru,True,,
EA 162,I. EGYPT,Egypt,Egypt,True,27.645,30.896
EA 163,I. EGYPT,Egypt,Egypt,True,27.645,30.896
EA 164,I. AMURRU,Amurru,Amurru,True,,
EA 165,I. AMURRU,Amurru,Amurru,True,,
EA 166,I. AMURRU,Amurru,Amurru,True,,
EA 167,I. AMURRU,Amurru,Amurru,True,,
EA 168,I. AMURRU,Amurru,Amurru,True,,
EA 169,I. AMURRU,Amurru,Amurru,True,,
EA 170,I. AMURRU,Amurru,Amurru,True,,
EA 171,I. AMURRU,Amurru,Amurru,True,,
EA 172,VII. INTERNATIONAL LETTER OF UNKNOWN PROVENANCE,,,,,
EA 173,IV. A GROUP OF IDENTICAL LETTERS SENT BY FOUR BEQA‘ RULERS,,,,,
EA 174,IV. A GROUP OF IDENTICAL LETTERS SENT BY FOUR BEQA‘ RULERS,,Hašabu,,,
EA 175,IV. A GROUP OF IDENTICAL LETTERS SENT BY FOUR BEQA‘ RULERS,,Hazi,,,
EA 177,II. HASI,,Guddašuna,,,
EA 178,IV. A GROUP OF IDENTICAL LETTERS SENT BY FOUR BEQA‘ RULERS,,Unknown location,,,
EA 179,IV. A GROUP OF IDENTICAL LETTERS SENT BY FOUR BEQA‘ RULERS,,,,,
EA 181,IV. A GROUP OF IDENTICAL LETTERS SENT BY FOUR BEQA‘ RULERS,,,,,
EA 182,II. MUSHIHUNA,,Mušihuna,,,
EA 183,II. MUSHIHUNA,,Mušihuna,,,
EA 184,II. MUSHIHUNA,,Mušihuna,,,
EA 185,II. HASI,,Hazi,,,
EA 186,II. HASI,,Hazi,,,
EA 187,I. ENISHASI,,ʿEnu-Šasi,,,
EA 189,II. QIDSHU,,Qadesh,,,
EA 190,I. EGYPT,Egypt,Egypt,True,27.645,30.896
EA 192,IV. RUHIZZI,,Ruhizu,,,
EA 193,III. LABANA,,Labana,,,
EA 194,I. DAMASCUS (DIMASHQU),Damascus,Mušihuna,False,33.511612,36.309102
EA 196,I. DAMASCUS (DIMASHQU),Damascus,Mušihuna,False,33.511612,36.309102
EA 197,I. DAMASCUS (DIMASHQU),Damascus,Mušihuna,False,33.511612,36.309102
EA 200,VIII. TABLETS FROM UNSPECIFIED CITIES IN THE BASHAN,,,,,
EA 201,I. Z/SIRIBASHANI,,Ṣiri-Bašani,,,
EA 202,VIII. TABLETS FROM UNSPECIFIED CITIES IN THE BASHAN,,Unknown location,,,
EA 203,II. SHASHIMI,,Šasʿimu,,,
EA 204,II. QANU,,Qanu,,,
EA 205,IV. TUBU,,Ṭubu,,,
EA 207,VIII. TABLETS FROM UNSPECIFIED CITIES IN THE BASHAN,,Unknown location,,,
EA 208,VIII. TABLETS FROM UNSPECIFIED CITIES IN THE BASHAN,,,,,
EA 209,VIII. TABLETS FROM UNSPECIFIED CITIES IN THE BASHAN,,Unknown location,,,
EA 210,VIII. TABLETS FROM UNSPECIFIED CITIES IN THE BASHAN,,Unknown location,,,
EA 211,"III. LETTERS OF UNPROVENANCED RULERS, SENT FROM GAZA",Gaza,Unknown location,,,
EA 212,"III. LETTERS OF UNPROVENANCED RULERS, SENT FROM GAZA",Gaza,Unknown location,,,
EA 213,"III. LETTERS OF UNPROVENANCED RULERS, SENT FROM GAZA",Gaza,Unknown location,,,
EA 214,IV. SMALL FRAGMENTS OF LETTERS OF OTHER PROVENANCES,,,,,
EA 215,"III. LETTERS OF UNPROVENANCED RULERS, SENT FROM GAZA",Gaza,Unknown location,,,
EA 217,"III. LETTERS OF UNPROVENANCED RULERS, SENT FROM GAZA",Gaza,,,,
EA 218,"III. LETTERS OF UNPROVENANCED RULERS, SENT FROM GAZA",Gaza,,,,
EA 219,IV. SMALL FRAGMENTS OF LETTERS OF OTHER PROVENANCES,,,,,
EA 221,VII. REHOB,Rehob,Unknown location,,,
EA 222,VII. REHOB,Rehob,Unknown location,,,
EA 223,II. ACHSHAPH (AKSHAPA),Akšapa,Akšapa,True,,
EA 224,II. ACHSHAPH (AKSHAPA),Akšapa,Šamhuna,False,,
EA 226,"III. LETTERS OF UNPROVENANCED RULERS, SENT FROM GAZA",Gaza,Unknown location,,,
EA 227,I. HAZOR (HASURA),Hazor,Hazor,True,33.017462128,35.568137176
EA 228,I. HAZOR (HASURA),Hazor,Hazor,True,33.017462128,35.568137176
EA 229,II. GATH (GIMTU),Gimtu,Gath,True,31.7019809,34.8474001
EA 230,II. LETTERS OF UNPROVENANCED CANAANITE RULERS,,Egypt,,,
EA 231,IV. SMALL FRAGMENTS OF LETTERS OF OTHER PROVENANCES,,,,,
EA 232,IV. ACCO (AKKA),,Akko,,,
EA 234,IV. ACCO (AKKA),,Akko,,,
EA 235,IV. ACCO (AKKA),,,,,
EA 236,IV. SMALL FRAGMENTS OF LETTERS OF OTHER PROVENANCES,,,,,
EA 237,V. ANAHARATH,Anaharath,Anaharat,True,,
EA 238,V. ANAHARATH,Anaharath,Anaharat,True,,
EA 239,V. ANAHARATH,Anaharath,Anaharat,True,,
EA 240,IV. SMALL FRAGMENTS OF LETTERS OF OTHER PROVENANCES,,,,,
EA 241,VII. SHARUNA,,Šaruna,,,
EA 242,VI. MEGIDDO (MAGIDDA),Megiddo,Megiddo,True,32.58377626673209,35.18373148466008
EA 243,VI. MEGIDDO (MAGIDDA),Megiddo,Megiddo,True,32.58377626673209,35.18373148466008
EA 245,VI. MEGIDDO (MAGIDDA),Megiddo,Megiddo,True,32.58377626673209,35.18373148466008
EA 246,VI. MEGIDDO (MAGIDDA),Megiddo,Megiddo,True,32.58377626673209,35.18373148466008
EA 248,VI. MEGIDDO (MAGIDDA),Megiddo,Taanach,False,32.58377626673209,35.18373148466008
EA 249,VII. REHOB,Rehob,Rahabu,False,,
EA 251,II. LETTERS OF UNPROVENANCED CANAANITE RULERS,,,,,
EA 252,I. SHECHEM (SHAKMU),Šakmu,Shechem,True,32.2135284,35.2821112
EA 253,I. SHECHEM (SHAKMU),Šakmu,Shechem,True,32.2135284,35.2821112
EA 254,I. SHECHEM (SHAKMU),Šakmu,Shechem,True,32.2135284,35.2821112
EA 255,X. PEHEL (PIHILU),,Pihilu,,,
EA 256,X. PEHEL (PIHILU),,Pihilu,,,
EA 257,VII. REHOB,Rehob,Tell Yokneam,False,,
EA 258,VII. REHOB,Rehob,Tell Yokneam,False,,
EA 259,VII. REHOB,Rehob,Tell Yokneam,False,,
EA 261,II. LETTERS OF UNPROVENANCED CANAANITE RULERS,,Tell Yokneam,,,
EA 263,VII. REHOB,Rehob,,,,
EA 264,IX. GINTI-KIRMIL,,Ginti-Kirmil,,,
EA 265,IX. GINTI-KIRMIL,,Ginti-Kirmil,,,
EA 266,IX. GINTI-KIRMIL,,Ginti-Kirmil,,,
EA 268,I. GEZER (GAZRU),Gazru,Gezer,True,31.859790750000002,34.920993100000004
EA 269,I. GEZER (GAZRU),Gazru,Gezer,True,31.859790750000002,34.920993100000004
EA 270,I. GEZER (GAZRU),Gazru,Gezer,True,31.859790750000002,34.920993100000004
EA 271,I. GEZER (GAZRU),Gazru,Gezer,True,31.859790750000002,34.920993100000004
EA 272,I. GEZER (GAZRU),Gazru,Gezer,True,31.859790750000002,34.920993100000004
EA 273,I. GEZER (GAZRU),Gazru,ṢaBUma,False,31.859790750000002,34.920993100000004
EA 275,IV. A GROUP OF IDENTICAL LETTERS SENT BY,,Unknown location,,,
EA 276,IV. A GROUP OF IDENTICAL LETTERS SENT BY,,Unknown location,,,
EA 277,IV. A GROUP OF IDENTICAL LETTERS SENT BY,,Unknown location,,,
EA 278,II. GATH (GIMTU),Gimtu,Gath,True,31.7019809,34.8474001
EA 279,II. GATH (GIMTU),Gimtu,Gath,True,31.7019809,34.8474001
EA 281,II. GATH (GIMTU),Gimtu,Gath,True,31.7019809,34.8474001
EA 282,II. GATH (GIMTU),Gimtu,Gath,True,31.7019809,34.8474001
EA 283,II. GATH (GIMTU),Gimtu,Gath,True,31.7019809,34.8474001
EA 284,II. GATH (GIMTU),Gimtu,Gath,True,31.7019809,34.8474001
EA 285,I. SHECHEM (SHAKMU),Šakmu,Jerusalem,False,32.2135284,35.2821112
EA 286,I. SHECHEM (SHAKMU),Šakmu,Jerusalem,False,32.2135284,35.2821112
EA 287,I. SHECHEM (SHAKMU),Šakmu,Jerusalem,False,32.2135284,35.2821112
EA 288,I. SHECHEM (SHAKMU),Šakmu,Jerusalem,False,32.2135284,35.2821112
EA 289,I. SHECHEM (SHAKMU),Šakmu,Jerusalem,False,32.2135284,35.2821112
EA 290,I. SHECHEM (SHAKMU),Šakmu,Jerusalem,False,32.2135284,35.2821112
EA 291,I. SHECHEM (SHAKMU),Šakmu,,,32.2135284,35.2821112
EA 292,I. GEZER (GAZRU),Gazru,Gezer,True,31.859790750000002,34.920993100000004
EA 294,V. ASHDOD,Ashdod,Unknown location,,31.7559372333,34.6580570667
EA 295,IV. TYRE (SURRU),Tyre,Tyre,True,31.9150722,35.7538951
EA 296,V. ASHDOD,Ashdod,Unknown location,,31.7559372333,34.6580570667
EA 297,I. GEZER (GAZRU),Gazru,Gezer,True,31.859790750000002,34.920993100000004
EA 298,I. GEZER (GAZRU),Gazru,Gezer,True,31.859790750000002,34.920993100000004
EA 299,I. GEZER (GAZRU),Gazru,Gezer,True,31.859790750000002,34.920993100000004
EA 302,VI. ASHKELON (ASQALUNA),Ashkelon,Ashkelon,True,31.6659785,34.545947
EA 303,VI. ASHKELON (ASQALUNA),Ashkelon,Ashkelon,True,31.6659785,34.545947
EA 304,VI. ASHKELON (ASQALUNA),Ashkelon,Ashkelon,True,31.6659785,34.545947
EA 306,VI. ASHKELON (ASQALUNA),Ashkelon,Ashkelon,True,31.6659785,34.545947
EA 307,"III. LETTERS OF UNPROVENANCED RULERS, SENT FROM GAZA",Gaza,,,,
EA 308,"III. LETTERS OF UNPROVENANCED RULERS, SENT FROM GAZA",Gaza,,,,
EA 309,"III. LETTERS OF UNPROVENANCED RULERS, SENT FROM GAZA",Gaza,,,,
EA 310,"III. LETTERS OF UNPROVENANCED RULERS, SENT FROM GAZA",Gaza,,,,
EA 311,II. GATH (GIMTU),Gimtu,,,31.7019809,34.8474001
EA 312,"III. LETTERS OF UNPROVENANCED RULERS, SENT FROM GAZA",Gaza,,,,
EA 315,VII. YURZA,,Yurza,,,
EA 316,VII. YURZA,,Yurza,,,
EA 317,"III. LETTERS OF UNPROVENANCED RULERS, SENT FROM GAZA",Gaza,Tinni,False,,
EA 318,"III. LETTERS OF UNPROVENANCED RULERS, SENT FROM GAZA",Gaza,Tinni,False,,
EA 319,I. AHTIRUNA,,Ginti-ašna,,,
EA 321,VI. ASHKELON (ASQALUNA),Ashkelon,Ashkelon,True,31.6659785,34.545947
EA 323,VI. ASHKELON (ASQALUNA),Ashkelon,Ashkelon,True,31.6659785,34.545947
EA 324,VI. ASHKELON (ASQALUNA),Ashkelon,Ashkelon,True,31.6659785,34.545947
EA 325,VI. ASHKELON (ASQALUNA),Ashkelon,Ashkelon,True,31.6659785,34.545947
EA 326,VI. ASHKELON (ASQALUNA),Ashkelon,Ashkelon,True,31.6659785,34.545947
EA 329,II. GATH (GIMTU),Gimtu,Lachish,False,31.7019809,34.8474001
EA 330,II. GATH (GIMTU),Gimtu,Lachish,False,31.7019809,34.8474001
EA 332,II. GATH (GIMTU),Gimtu,Lachish,False,31.7019809,34.8474001
EA 334,VI. ZUHRA,,Zuhru,,,
EA 335,II. GATH (GIMTU),Gimtu,Gath,True,31.7019809,34.8474001
EA 336,VI. ZUHRA,,Zuhru,,,
EA 337,VI. ZUHRA,,Zuhru,,,
EA 339,I. EGYPT,Egypt,,,27.645,30.896
EA 340,,,,,,
EA 341,,,,,,
EA 342,,,,,,
EA 343,,,,,,
EA 344,,,,,,
EA 345,,,,,,
EA 346,,,,,,
EA 347,,,,,,
EA 348,,,,,,
EA 349,,,,,,
EA 350,,,,,,
EA 354,,,,,,
EA 355,,,,,,
EA 356,,,,,,
EA 357,,,,,,
EA 358,,,,,,
EA 362,I. BYBLOS (GUBLA),Byblos,Byblos,True,34.1192487924,35.6461246598
EA 363,IV. A GROUP OF IDENTICAL LETTERS SENT BY FOUR BEQA‘ RULERS,,ʿEnu-Šasi,,,
EA 364,V. ASHTAROTH (ASHTARTU),,ʿAštartu,,,
EA 365,VI. MEGIDDO (MAGIDDA),Megiddo,Megiddo,True,32.58377626673209,35.18373148466008
EA 366,II. GATH (GIMTU),Gimtu,Gath,True,31.7019809,34.8474001
EA 367,I. EGYPT,Egypt,Egypt,True,27.645,30.896
EA 368,,,,,,
EA 370,I. EGYPT,Egypt,Egypt,True,27.645,30.896
EA 378,I. GEZER (GAZRU),Gazru,Gezer,True,31.859790750000002,34.920993100000004
EA 382,I. EGYPT,Egypt,,,27.645,30.896
