actor_id,display,polity,tier,is_named,n_sent,n_received
pharaoh,PHARAOH,Egypt,egypt,True,8,266
ribhadda,Rib-Hadda,Byblos,vassal,True,63,1
aziru,Aziru,Amurru,vassal,True,13,2
tusratta,Tušratta,Mittani,great_power,True,11,0
abimilku,Abi-Milku,Tyre,vassal,True,10,0
suwardata,Šuwardata,Gimtu,vassal,True,8,0
biridiya,Biridiya,Megiddo,vassal,True,7,0
yidyia,Yidyia,Ashkelon,vassal,True,7,0
burnaburiasii,Burna-buriaš II,Babylon,great_power,True,6,0
the-king-of-alasiya,the king of Alašiya,Alašiya,great_power,False,6,0
amanappa,Amanappa,,egypt,True,0,6
milkiilu,Milki-ilu,Gazru,vassal,True,5,1
abdiheba,ʿAbdi-Heba,Jerusalem,vassal,True,6,0
yapahu,Yapahu,Gazru,vassal,True,6,0
kadasmanenlili,Kadašman-Enlil I,Babylon,great_power,True,3,2
akizzi,Akizzi,Qatna,vassal,True,5,0
an-egyptian-official,an Egyptian official,,egypt,False,0,5
subandu,Šub-Andu,Ashkelon,vassal,True,5,0
abdiastarti,ʿAbdi-Aštarti,Gimtu,vassal,True,4,0
tutu,Tutu,,egypt,True,0,4
biryawaza,Biryawaza,Damascus,vassal,True,4,0
balumehir,Baʿlu-mehir,Palestine,vassal,True,4,0
abdiasirta,ʿAbdi-Aširta,Amurru,vassal,True,3,0
yanhamu,Yanhamu,,egypt,True,0,3
ammunira,Ammunira,Beirut,vassal,True,3,0
sutarna,Šutarna,Mušihuna,vassal,True,3,0
zitriyara,Zitriyara,,vassal,True,3,0
satatna,Satatna,Akka,vassal,True,3,0
labayu,Labʾayu,Šakmu,vassal,True,3,0
tagi,Tagi,Gintikirmil,vassal,True,3,0
yahzibadda,Yahzib-Adda,,vassal,True,3,0
addadanu,Adda-danu,Gazru,vassal,True,3,0
pubalu,Pu-Baʿlu,Yurṣa,vassal,True,3,0
siptibala,Šipṭi-Baʿla,Lakiša,vassal,True,3,0
assuruballiti,Aššur-uballiṭ I,Assyria,great_power,True,2,0
tarhundaradu,Tarhundaradu,Arzawa,great_power,True,1,1
the-king-of-hatti,the king of Hatti,Hatti,great_power,False,2,0
a-king-of-ugarit,a king of Ugarit,Ugarit,vassal,False,2,0
yappahhadda,Yappah-Hadda,Beirut,vassal,True,2,0
ilirapih,Ili-rapih,Byblos,vassal,True,2,0
zimreddi,Zimreddi,Sidon,vassal,True,2,0
mayarzana,Mayarzana,Hasi,vassal,True,2,0
etakkama,Etakkama,Qadesh,vassal,True,1,1
arsawuya,Arsawuya,Ruhizza,vassal,True,2,0
zisamimi,Zišamimi,,vassal,True,2,0
bayawa,Bayawa,Syria,vassal,True,2,0
wiktasu,Wiktasu,,vassal,True,2,0
endaruta,Endaruta,Akšapa,vassal,True,1,1
sumadda,Šum-Adda,Šamhuna,vassal,True,2,0
abditirsi,ʿAbdi-Tirši,Hazor,vassal,True,2,0
bayadi,Bayadi,Syria,vassal,True,2,0
baluursag,Baʿlu-UR.SAG,Palestine,vassal,True,2,0
murbahlu,Mur-Bahlu,Pihilu,vassal,True,2,0
dasru,Dašru,Palestine,vassal,True,2,0
ninurmahmes,NIN-UR.MAH-MEŠ,,vassal,True,2,0
dagantakala,Dagan-takala,Syria,vassal,True,2,0
hiziru,Hiziru,Zuhra,vassal,True,2,0
babylon,Babylon,,vassal,True,0,1
a-babylonian-princess,a Babylonian princess,,vassal,False,1,0
teye,Teye,Egypt,egypt,True,0,1
the-kings-of-canaan,the kings of Canaan,Canaan,vassal,False,0,1
the-governor-of-alasiya,the governor of Alašiya,Alašiya,great_power,False,1,0
the-governor-of-egypt,the governor of Egypt,Egypt,egypt,False,0,1
suppiluliumai,Suppiluliuma I,Hatti,great_power,True,1,0
princevita,Prince Vita,Hatti,great_power,True,1,0
ammistamru,Ammistamru,Ugarit,vassal,True,1,0
the-queen-of-ugarit,the queen of Ugarit,Ugarit,vassal,False,1,0
the-queen-of-egypt,the queen of Egypt,Egypt,egypt,False,0,1
niqmaddaii,Niqmadda II,Ugarit,vassal,True,1,0
addunirari,Addu-nirari,Nuhašše,vassal,True,1,0
tehutessup,Tehu-Teššup,,vassal,True,1,0
the-citizens-of-tunip,the citizens of Tunip,Tunip,vassal,False,1,0
haya,Haya,,egypt,True,0,1
an-egyptian-general,an Egyptian general,,egypt,False,1,0
sumuhaddi,Šumu-Haddi,,vassal,True,0,1
the-city-of-irqata,the city of Irqata,Irqata,vassal,False,1,0
haay,Haay,,egypt,True,0,1
dutessup,DU-Teššup,Amurru,vassal,True,1,0
baaluyaandbetili,Baʿaluya and Bet-ili,Amurru,vassal,True,1,0
bieri,Bieri,Hašabu,vassal,True,1,0
ildayyi,ʿIldayyi,Hasi,vassal,True,1,0
yamiuta,Yamiuta,Guddašuna,vassal,True,1,0
hibiya,Hibiya,,vassal,True,1,0
satiya,Šatiya,Enišasi,vassal,True,1,0
tiwati,Tiwati,Lapana,vassal,True,1,0
arassa,Arašša,Kumidu,vassal,True,1,0
artamanya,Artamanya,Ṣiribašani,vassal,True,1,0
amawase,Amawaše,Bašan,vassal,True,1,0
abdimilki,ʿAbdi-Milki,Šashimi,vassal,True,1,0
the-ruler-of-qanu,the ruler of Qanu,Qanu,vassal,False,1,0
the-ruler-of-tubu,the ruler of Ṭubu,Ṭubu,vassal,False,1,0
the-ruler-of-naziha,the ruler of Naziha,Naziha,vassal,False,1,0
ipte,Ipte[...,,vassal,True,1,0
kurtuyaofnu,Kurtuya of ...nu,,vassal,True,1,0
sipturisa,Šipṭu-Riṣa,,vassal,True,1,0
abdina,ʿAbdina,Gimtu,vassal,True,1,0
yama,Yama,,vassal,True,1,0
surata,Surata,Akka,vassal,True,1,0
baduzana,Baduzana,Syria,vassal,True,1,0
rusmanya,Rusmanya,Šaruna,vassal,True,1,0
yasdata,Yašdata,,vassal,True,1,0
sum,Šum-[...,,vassal,True,1,0
baludanu,Baʿlu-Danu,Tyre,vassal,True,1,0
yahtiru,Yahtiru,Ashdod,vassal,True,1,0
surasar,Ṣur-Ašar,Ahtiašna,vassal,True,1,0
yabniilu,Yabni-Ilu,Lakiša,vassal,True,1,0
paapu,Paapu,,egypt,True,1,0
the-ruler-of-zuhra,the ruler of Zuhra,Zuhra,vassal,False,1,0
abdirisa,ʿAbdi-Riša,Enišasi,vassal,True,1,0
ayyab,Ayyab,Aštartu,vassal,True,1,0
idiya,Idiya,Ashkelon,vassal,True,0,1
