ea,museum_no,header_rest,chapter,section,interpretation_raw,reference
EA 001,BM 29784,from the King of Egypt to the King of Babylonia,Ch.3 LETTERS OF THE GREAT POWERS,I. EGYPT,,The use of Esna shales for pottery production has not been recorded in Egyptian assemblages
EA 002,VAT 148+2706,from the King of Babylonia to the King of Egypt,Ch.3 LETTERS OF THE GREAT POWERS,II. HATTI,"The very fine fabric of this tablet, which is almost entirely devoid of inclusions, gives the impression that well-refined alluvial sediment was used. The few inclusions that do appear are Clearly clasts that occurred naturally within the sediment and escaped the refinement process.","No references of pottery from Babylon are found, but amphibole, serpentine, quartz and"
EA 004,VAT 1657,from the King of Babylonia to the King of Egypt,Ch.3 LETTERS OF THE GREAT POWERS,II. HATTI,and conclusions: As EA 2.,
EA 006,VAT 149,from the King of Babylonia to the King of Egypt,Ch.3 LETTERS OF THE GREAT POWERS,II. HATTI,and conclusions: As EA 2.,
EA 008,VAT 152,from the King of Babylonia to the King of Egypt,Ch.3 LETTERS OF THE GREAT POWERS,II. HATTI,and conclusions: As EA 2 but unfired and with coarser inclusions.,
EA 011,VAT 151 + 1878,from the King of Babylonia to the King of Egypt,Ch.3 LETTERS OF THE GREAT POWERS,II. HATTI,and conclusions: As EA 2. The occurrence of radiolarian chert may be linked with the north Syrian or Tauric ophiolites where these rocks are common (Chapter 5.1).,
EA 012,VAT 1605,from a Babylonian princess (?),Ch.3 LETTERS OF THE GREAT POWERS,II. HATTI,As EA 2.,
EA 013,VAT 1717,an inventory from Babylonia,Ch.3 LETTERS OF THE GREAT POWERS,II. HATTI,and conclusions: As EA 2 but unfired or very lightly fired.,
EA 014,VAT 1651 + 2711 + Ash 1891.1-41,inventory of gifts for the Babylonian king,Ch.3 LETTERS OF THE GREAT POWERS,I. EGYPT,and,Similar to EA 1}.
EA 017,BM 29792,from the King of Mitanni to the King of Egypt,Ch.3 LETTERS OF THE GREAT POWERS,IV. MITANNI,,No valid references for this petrofabric and others reflected by the Mitannian letters were found.
EA 018,VAT 1880 + 1879,from Mitanni (?),Ch.3 LETTERS OF THE GREAT POWERS,IV. MITANNI,,
EA 019,BM 29791,from the King of Mitanni to the King of Egypt,Ch.3 LETTERS OF THE GREAT POWERS,IV. MITANNI,"and conclusions: This tablet is almost identical in its materials to EA 18, indicating that the latter too should be included in the Mitanni correspondence.",
EA 020,VAT 191,from the King of Mitanni to the King of Egypt,Ch.3 LETTERS OF THE GREAT POWERS,IV. MITANNI,and conclusions: As EA 17.,
EA 021,VAT 190,from the King of Mitanni to the King of Egypt,Ch.3 LETTERS OF THE GREAT POWERS,IV. MITANNI,and conclusions: As EA 19.,
EA 022,VAT 395,from the King of Mitanni to the King of Egypt,Ch.3 LETTERS OF THE GREAT POWERS,IV. MITANNI,and conclusions: As EA 17.,
EA 023,BM 29793,from the King of Mitanni to the King of Egypt,Ch.3 LETTERS OF THE GREAT POWERS,IV. MITANNI,This tablet is identical to EA 17.,
EA 024,VAT 422,from the King of Mitanni to the King of Egypt,Ch.3 LETTERS OF THE GREAT POWERS,IV. MITANNI,and conclusions: See EA 17 above. Chemical analysis links this tablet to EA 18 (Fig. 3.1) and places it out of the Egyptian and Babylonian clusters.,
EA 025,"VAT 340 + fragments 2191 a-c, no. 2",inventory of gifts from the King of Mitanni,Ch.3 LETTERS OF THE GREAT POWERS,IV. MITANNI,and conclusions: See EA 17.,
EA 026,BM 29794,from the King of Mitanni to the Queen of Egypt,Ch.3 LETTERS OF THE GREAT POWERS,IV. MITANNI,and conclusions: This tablet 1s identical to EA 17.,
EA 027,"VAT 233 + 2197, no. 1; 2193",from the King of Mitanni to the King of Egypt,Ch.3 LETTERS OF THE GREAT POWERS,IV. MITANNI,See EA 18.,
EA 028,BM 37645,from the King of Mitanni to the King of Egypt,Ch.3 LETTERS OF THE GREAT POWERS,IV. MITANNI,and conclusions: This tablet is identical to EA 17.,
EA 029,VAT 271,from the King of Mitanni to the King of Egypt,Ch.3 LETTERS OF THE GREAT POWERS,IV. MITANNI,and conclusions: This tablet is identical to EA 17.,
EA 030,BM 29841,from the King of Mitanni to the mayors of Canaan,Ch.3 LETTERS OF THE GREAT POWERS,IV. MITANNI,and conclusions: This tablet is similar to EA 17.,
EA 032,VAT 342,from the King of Arzawa to the King of Egypt,Ch.3 LETTERS OF THE GREAT POWERS,V. ARZAWA,"The combination of mica, quartz and garnet, the latter being rather sensitive to chemical and physical weathering, indicates a schistose environment.",
EA 033,VAT 1654,from the King of Alashiya to the King of Egypt,Ch.3 LETTERS OF THE GREAT POWERS,VI. ALASHTYA,and conclusions: Marl of the Pakhna Formation of Cyprus.,
EA 034,BM 29789,from the King of Alashiya to the King of Egypt,Ch.3 LETTERS OF THE GREAT POWERS,VI. ALASHTYA,and conclusions: Marl of the Pakhna Formation of Cyprus.,
EA 037,BM 29790,from the King of Alashiya to the King of Egypt,Ch.3 LETTERS OF THE GREAT POWERS,VI. ALASHTYA,Clay derived from the Moni Mélange Formation of the southeast Troodos foothills.,The fabric of this tablet is similar in all details to one of the petrofabrics of the Base Ring
EA 038,VAT153,from the King of Alashiya to the King of Egypt,Ch.3 LETTERS OF THE GREAT POWERS,VI. ALASHTYA,and conclusions: Marl of the Pakhna Formation of Cyprus.,
EA 042,VAT 1655,from Hatti (2),Ch.3 LETTERS OF THE GREAT POWERS,II. HATTI,The mineral suite indicates an area dominated by metamorphic facies.,
EA 044,VAT 1656,from a Hittite prince to the King of Egypt,Ch.3 LETTERS OF THE GREAT POWERS,II. HATTI,Similar to EA 42.,
EA 045,VAT 1692,from Ammishtamru to the King of Egypt,Ch.5 NORTH SYRIAN KINGDOMS,I. UGARIT,"The petrography of this tablet indicates a source environment with a combination of minerals of igneous origin and sedimentary rocks. However, the inclusion assemblage that is generally rounded, thus clastic in nature, may have been dragged some distance. Therefore, it may have originated from a drainage system that collected minerals and rock fragments from a nearby environment.",Similar radiolarites form the most common and distinctive feature of the inclusion assemblage
EA 046,VAT 1694,from the King of Ugarit to the King of Egypt,Ch.5 NORTH SYRIAN KINGDOMS,I. UGARIT,As EA 45.,
EA 047,VAT 1693,from the King of Ugarit to the King of Egypt,Ch.5 NORTH SYRIAN KINGDOMS,I. UGARIT,"and reference: Though this tablet has not been analyzed chemically, the petrographic data connect it with Ugarit. The matrix and inclusions are similar to those of EA 45, but there are clearer indications for both a neighbouring ophiolitic environment and present-day",
EA 048,VAT 1690,from the Queen of Ugarit to the Queen of Egypt,Ch.5 NORTH SYRIAN KINGDOMS,I. UGARIT,and conclusions: As EA 47.,
EA 050,VAT 1594,from the daughter of (2) to the Queen of Egypt,Ch.9 THE LEBANESE LITTORAL,I. BYBLOS (GUBLA),As EA 90.,
EA 053,BM 29820,from Akizzi to the King of Egypt,Ch.6 SYRIAN KINGDOMS IN THE MIDDLE ORONTES AREA,I. QATNA,and conclusions: Identical to EA 55.,
EA 054,VAT 1868 + 1869 + 1721,from Akizzi to the King of Egypt,Ch.6 SYRIAN KINGDOMS IN THE MIDDLE ORONTES AREA,I. QATNA,and reference: Identical to EA 55 (with the addition of highly weathered volcanic rock fragments).,
EA 055,BM 29819,from Akizzi to an Egyptian official,Ch.6 SYRIAN KINGDOMS IN THE MIDDLE ORONTES AREA,I. QATNA,,
EA 057,VAT 1738,from an unknown king (in the area of Qatna?) to the King of Egypt,Ch.6 SYRIAN KINGDOMS IN THE MIDDLE ORONTES AREA,I. QATNA,and reference:,
EA 058,VAT 1716,from Tehu-Teshup to the King of Egypt,Ch.7 THE KINGDOM OF AMURRU AND NEIGHBOURING POLITIES,V. AN UNSPECIFIED CITY IN THE NEIGHBOURHOOD OF AMURRU,The clay of this tablet is similar to EA 61 (probably sent from Ardata). See EA 61 for details.,
EA 059,BM 29824,from the citizens of Tunip to the King of Egypt,Ch.7 THE KINGDOM OF AMURRU AND NEIGHBOURING POLITIES,I. AMURRU,"and reference: The composition of this tablet is unique in the Amarna correspondence. Its most significant feature is the dominance of glauconite globules, which are unlikely to be a substance added by the scribe who produced the tablet. This is due to the softness",
EA 060,VAT 343,from Abdi-Ashirta to the King of Egypt,Ch.7 THE KINGDOM OF AMURRU AND NEIGHBOURING POLITIES,I. AMURRU,This tablet can be linked by its characteristic matrix and inclusions to a well-,
EA 061,Ash. 1893.1-41: 410,from Abdi-Ashirta,Ch.7 THE KINGDOM OF AMURRU AND NEIGHBOURING POLITIES,I. AMURRU,"The matrix of this tablet indicates Neogene marl by virtue of its petrofabric and palaeontology. Such marls, dating to the Miocene or the Pliocene, do not appear in the Levant south of the Lebanese coast. In Lebanon their outcrops are restricted mainly to exposures east and south of",No reference materials from Arde were available to us. Our interpretation relies only on the
EA 062,VAT 1680,"from Abdi-Ashirta to Pahanata, the Commissioner of Sumur",Ch.7 THE KINGDOM OF AMURRU AND NEIGHBOURING POLITIES,I. AMURRU,and conclusions: As EA 61.,
EA 063,BM 29817,from Abdi-Ashtarti to the King of Egypt,Ch.14 THE SHEPHELAH AND THE SOUTHERN COASTAL PLAIN,I. GEZER (GAZRU),As EA 279.,
EA 064,BM 29816,from Abdi-‘INNIN to the King of Egypt,Ch.14 THE SHEPHELAH AND THE SOUTHERN COASTAL PLAIN,I. GEZER (GAZRU),,Terra rossa is widely exposed over the mountainous regions within the Mediterranean climatic
EA 065,VAT 1685,from Abdi-Ashtarti to the King of Egypt,Ch.14 THE SHEPHELAH AND THE SOUTHERN COASTAL PLAIN,I. GEZER (GAZRU),As EA 279.,
EA 066,VAT 1702,from (2) to the King of Egypt (?),Ch.15 UNIDENTIFIED CITIES IN CANAAN,I. AHTIRUNA,"This tablet 1s identified as being made of loess soil. Therefore, it originated from southern Canaan, most likely the northern Negev or the Negev coastal plain. Further identification is impossible due to the lack of any coarse fraction.",See EA 168 (Chapter 7.1).
EA 067,VAT 1591,from an unknown ruler north of Canaan,Ch.5 NORTH SYRIAN KINGDOMS,III. NII (?),"The matrix of this tablet is similar to that of EA 100 (Chapter 7), the",As EA 169.
EA 068,VAT 1239,from Rib-Hadda to the King of Egypt,Ch.9 THE LEBANESE LITTORAL,I. BYBLOS (GUBLA),As EA 72 and 81.,
EA 069,BM 29856,from Rib-Hadda to an Egyptian official,Ch.9 THE LEBANESE LITTORAL,I. BYBLOS (GUBLA),As EA 72 and 81.,
EA 071,VAT1632,from Rib-Hadda to the Egyptian official Haya,Ch.9 THE LEBANESE LITTORAL,I. BYBLOS (GUBLA),As EA 72 and 81.,
EA 072,VAT 1712,from Rib-Hadda (2) to the King of Egypt,Ch.9 THE LEBANESE LITTORAL,I. BYBLOS (GUBLA),,
EA 074,BM 29795,from Rib-Hadda to the King of Egypt,Ch.9 THE LEBANESE LITTORAL,I. BYBLOS (GUBLA),As EA 72 and 81.,
EA 076,VAT 324,from Rib-Hadda to the King of Egypt,Ch.9 THE LEBANESE LITTORAL,I. BYBLOS (GUBLA),As EA 72 and 81.,
EA 077,VAT 1635 + 1700,from Rib-Hadda to the Egyptian official Amanappa,Ch.9 THE LEBANESE LITTORAL,I. BYBLOS (GUBLA),As EA 72 and 81.,
EA 078,VAT 1282,from Rib-Hadda to the King of Egypt,Ch.9 THE LEBANESE LITTORAL,I. BYBLOS (GUBLA),"EA 78 is similar in most details to EA 96, 165 and 167 (the latter two sent by Aziru of Amurru). It should therefore be assigned to Sumur (see EA 165).",
EA 079,VAT 1634,from Rib-Hadda to the King of Egypt,Ch.9 THE LEBANESE LITTORAL,I. BYBLOS (GUBLA),As EA 72 and 81.,
EA 080,VAT 1711,from (2) to the King of Egypt,Ch.15 UNIDENTIFIED CITIES IN CANAAN,I. AHTIRUNA,As EA 169.,
EA 081,VAT 1318,from Rib-Hadda to the King of Egypt,Ch.9 THE LEBANESE LITTORAL,I. BYBLOS (GUBLA),As EA 72.,
EA 082,BM 37648,from Rib-Hadda to the Egyptian official Amanappa,Ch.9 THE LEBANESE LITTORAL,I. BYBLOS (GUBLA),As EA 72 and 81.,
EA 083,BM 29797,from Rib-Hadda to the King of Egypt,Ch.9 THE LEBANESE LITTORAL,I. BYBLOS (GUBLA),As EA 72 and 81.,
EA 084,VAT 1633,from Rib-Hadda to the King of Egypt,Ch.9 THE LEBANESE LITTORAL,I. BYBLOS (GUBLA),As EA 72 and 81.,
EA 085,VAT 1626,from Rib-Hadda to the King of Egypt,Ch.9 THE LEBANESE LITTORAL,I. BYBLOS (GUBLA),As EA 72 and 81.,
EA 086,BM 29804,from Rib-Hadda to an Egyptian official named Amanappa,Ch.9 THE LEBANESE LITTORAL,I. BYBLOS (GUBLA),As EA 72 and 81.,
EA 087,BM 29805,from Rib-Hadda to the Egyptian official Amanappa,Ch.9 THE LEBANESE LITTORAL,I. BYBLOS (GUBLA),As EA 72 and 81.,
EA 088,BM 29800,from Rib-Hadda to the King of Egypt,Ch.9 THE LEBANESE LITTORAL,I. BYBLOS (GUBLA),EA 87 and 88 are identical and were seemingly made of the same lump of clay. Hence they were probably sent at one and the same time: one to the Pharaoh and the other to an army commander (Amanappa).,
EA 089,VAT 1627,from Rib-Hadda to the King of Egypt,Ch.9 THE LEBANESE LITTORAL,I. BYBLOS (GUBLA),As EA 72 and 81.,
EA 090,VAT 1661,from Rib-Hadda to the King of Egypt,Ch.9 THE LEBANESE LITTORAL,I. BYBLOS (GUBLA),,
EA 091,VAT 931,from Rib-Hadda to the King of Egypt,Ch.9 THE LEBANESE LITTORAL,I. BYBLOS (GUBLA),As EA 90.,
EA 092,VAT 868,from Rib-Hadda to the King of Egypt,Ch.9 THE LEBANESE LITTORAL,I. BYBLOS (GUBLA),As EA 90.,
EA 093,VAT 1663,from Rib-Hadda to the Egyptian official Amanappa,Ch.9 THE LEBANESE LITTORAL,I. BYBLOS (GUBLA),As EA 90.,
EA 095,VAT 1668,from Rib-Hadda to the King of Egypt,Ch.9 THE LEBANESE LITTORAL,I. BYBLOS (GUBLA),As EA 90.,
EA 096,VAT 1238,from an army commander to Rib-Hadda of Gubla,Ch.7 THE KINGDOM OF AMURRU AND NEIGHBOURING POLITIES,I. AMURRU,,
EA 097,VAT 1598,from Yapah-Hadda to the Mayor Shumu-Haddi,Ch.9 THE LEBANESE LITTORAL,II. BEIRUT (BIRUTA),EA 97 is another obvious example of a letter that was made on loess soil with coastal sand from southern Palestine (see EA 168 above for details).,
EA 098,VAT 1675,from Yapah-Hadda to the Egyptian commissioner Yanhamu,Ch.9 THE LEBANESE LITTORAL,II. BEIRUT (BIRUTA),"Similar to EA 136 and 138, EA 98 was probably made on Miocene marl. This geological unit (calcaires marnoux, or M2b after Dubertret 1951a) appears in the Beirut peninsula along the Junia Bay and near Batroun and Tripoli. Indeed, the text of EA 136 and 138 specifically mention that they were dispatched from Beirut.",
EA 100,BM 29825,from the elders of Irqata to the King of Egypt,Ch.7 THE KINGDOM OF AMURRU AND NEIGHBOURING POLITIES,IV. IRQATA,"This tablet is petrographically similar to EA 161, 164, 169, 170, and 171 sent by Aziru of Amurru.",
EA 101,BM 29827,from Rib-Hadda to the King of Egypt,Ch.9 THE LEBANESE LITTORAL,I. BYBLOS (GUBLA),As EA 72.,
EA 102,BM 29806,from Rib-Hadda to an Egyptian official,Ch.9 THE LEBANESE LITTORAL,I. BYBLOS (GUBLA),As EA 72 and 81.,
EA 103,VAT 1208,from Rib-Hadda to the King of Egypt,Ch.9 THE LEBANESE LITTORAL,I. BYBLOS (GUBLA),"EA 103 is similar petrographically to EA 78, 96 and 165-167 (the latter two sent by Aziru of Amurru), all assigned to the coastal area of the ‘Akkar Plain, namely to Sumur.",
EA 105,VAT 1628,from Rib-Hadda to the King of Egypt,Ch.9 THE LEBANESE LITTORAL,I. BYBLOS (GUBLA),As EA 90.,
EA 106,VAT 344,from Rib-Hadda to the King of Egypt,Ch.9 THE LEBANESE LITTORAL,I. BYBLOS (GUBLA),As EA 72 and 81.,
EA 108,VAT 345,from Rib-Hadda to the King of Egypt,Ch.9 THE LEBANESE LITTORAL,I. BYBLOS (GUBLA),As EA 90.,
EA 109,VAT 1629,from Rib-Hadda to the King of Egypt,Ch.9 THE LEBANESE LITTORAL,I. BYBLOS (GUBLA),As EA 90.,
EA 110,VAT 1666,from Rib-Hadda to the King of Egypt,Ch.9 THE LEBANESE LITTORAL,I. BYBLOS (GUBLA),As EA 90.,
EA 112,VAT 1664,from Rib-Hadda to the King of Egypt,Ch.9 THE LEBANESE LITTORAL,I. BYBLOS (GUBLA),As EA 90.,
EA 115,VAT 1630,from Rib-Hadda to the King of Egypt (?),Ch.9 THE LEBANESE LITTORAL,I. BYBLOS (GUBLA),As EA 90.,
EA 117,VAT 350,from Rib-Hadda to the King of Egypt,Ch.9 THE LEBANESE LITTORAL,I. BYBLOS (GUBLA),As EA 90.,
EA 118,VAT 1662,from Rib-Hadda to the King of Egypt,Ch.9 THE LEBANESE LITTORAL,I. BYBLOS (GUBLA),As EA 90.,
EA 119,VAT 349,from Rib-Hadda to the King of Egypt,Ch.9 THE LEBANESE LITTORAL,I. BYBLOS (GUBLA),As EA 90.,
EA 120,VAT 1636,from Rib-Hadda to the King of Egypt,Ch.9 THE LEBANESE LITTORAL,I. BYBLOS (GUBLA),As EA 90.,
EA 121,VAT 1665,from Rib-Hadda to the King of Egypt,Ch.9 THE LEBANESE LITTORAL,I. BYBLOS (GUBLA),As EA 90.,
EA 123,BM 29803,from Rib-Hadda to the King of Egypt,Ch.9 THE LEBANESE LITTORAL,I. BYBLOS (GUBLA),As EA 90.,
EA 125,BM 29802,from Rib-Hadda to the King of Egypt,Ch.9 THE LEBANESE LITTORAL,I. BYBLOS (GUBLA),As EA 90.,
EA 126,VAT 1183,from Rib-Hadda to the King of Egypt,Ch.9 THE LEBANESE LITTORAL,I. BYBLOS (GUBLA),"This small sample from EA 126 is apparently similar petrographically to EA 78, 96, and 165-167 (the latter two sent by Aziru of Amurru), all assigned to the coastal area of the ‘Akkar Plain, namely to Sumur.",
EA 127,VAT 1687,from Rib-Hadda to the King of Egypt,Ch.9 THE LEBANESE LITTORAL,I. BYBLOS (GUBLA),As EA 90.,
EA 129,VAT 1637 + 1638,from Rib-Hadda to the King of Egypt,Ch.9 THE LEBANESE LITTORAL,I. BYBLOS (GUBLA),As EA 90. The palaeontological analysis carried out on this sample helps in the geological identification of all the tablets belonging to this petrographic group.,
EA 130,VAT 1624,from Rib-Hadda to the King of Egypt,Ch.9 THE LEBANESE LITTORAL,I. BYBLOS (GUBLA),As EA 90.,
EA 131,BM 29807,from Rib-Hadda to the King of Egypt,Ch.9 THE LEBANESE LITTORAL,I. BYBLOS (GUBLA),As EA 90. EA 127 and 131 are petrographically similar and seem to have been made of the same lump of clay. A short span of time must have separated the dispatch of these two letters.,
EA 132,BM 29801,from Rib-Hadda to the King of Egypt,Ch.9 THE LEBANESE LITTORAL,I. BYBLOS (GUBLA),As EA 90.,
EA 133,VAT 1667,from Rib-Hadda to the King of Egypt,Ch.9 THE LEBANESE LITTORAL,I. BYBLOS (GUBLA),As EA 90.,
EA 136,BM 29799,from Rib-Hadda to the King of Egypt,Ch.9 THE LEBANESE LITTORAL,I. BYBLOS (GUBLA),As EA 138.,
EA 138,VAT 351,from Rib-Hadda to the King of Egypt,Ch.9 THE LEBANESE LITTORAL,I. BYBLOS (GUBLA),,
EA 139,BM 29828,from Ii-Rapik to the King of Egypt,Ch.9 THE LEBANESE LITTORAL,I. BYBLOS (GUBLA),,
EA 140,VAT 1639,from Ili-Rapih to the King of Egypt,Ch.9 THE LEBANESE LITTORAL,I. BYBLOS (GUBLA),As EA 90.,
EA 141,BM 29809,from Ammunira to the King of Egypt,Ch.9 THE LEBANESE LITTORAL,II. BEIRUT (BIRUTA),As EA 98 but with coarser matrix and more abundant inclusions.,
EA 142,BM 29810,from Ammunira to the King of Egypt,Ch.9 THE LEBANESE LITTORAL,II. BEIRUT (BIRUTA),and conclusions: As EA 141.,
EA 143,VAT 1584 + C 4764,from Ammunira to the King of Egypt,Ch.9 THE LEBANESE LITTORAL,II. BEIRUT (BIRUTA),and conclusions: Probably as EA 141 but of finer marl.,
EA 144,VAT 323,from Zimreddi to the King of Egypt,Ch.9 THE LEBANESE LITTORAL,II. BEIRUT (BIRUTA),This clay is identified as Miocene or Pliocene marl by its palaeontology.,
EA 145,VAT 1695,from Zimreddi to the King of Egypt,Ch.9 THE LEBANESE LITTORAL,II. BEIRUT (BIRUTA),,
EA 146,VAT 1871,from Abi-Milku to the King of Egypt,Ch.9 THE LEBANESE LITTORAL,IV. TYRE (SURRU),,See EA 60 (Chapter 7:EA 60).
EA 147,BM 29812,from Abi-Milku to the King of Egypt,Ch.9 THE LEBANESE LITTORAL,IV. TYRE (SURRU),and onclusions: As EA 151.,
EA 149,BM 29811,from Abi-Milku to the King of Egypt,Ch.9 THE LEBANESE LITTORAL,IV. TYRE (SURRU),and conclusions: As EA 151.,
EA 151,BM 29813,from Abi-Milku to the King of Egypt,Ch.9 THE LEBANESE LITTORAL,IV. TYRE (SURRU),By its mineralogical and palaeontological affinities the clay of this tablet is readily identified as belonging to the Paleocene marl (Chekka/Taqiye Formations) which does not expose along the coast to its south or north of Sidon. This is also the closest clay source for Tyre. The coralline alga indicates a recent coastal provenance. Hence the attribution of this tablet to Tyre is certain.,Similar to the Sarepta workshop unfired vessels.
EA 152,VAT 1719,from Abi-Milku to the King of Egypt,Ch.9 THE LEBANESE LITTORAL,IV. TYRE (SURRU),and conclusions: As EA 151.,
EA 154,VAT 1718,from Abi-Milku to the King of Egypt,Ch.9 THE LEBANESE LITTORAL,IV. TYRE (SURRU),and conclusions: As EA 151.,
EA 155,BM 29814 + VAT 1872,from Abi-Milku to the King of Egypt,Ch.9 THE LEBANESE LITTORAL,IV. TYRE (SURRU),As EA 151.,
EA 156,VAT 337,from Aziru to the King of Egypt,Ch.7 THE KINGDOM OF AMURRU AND NEIGHBOURING POLITIES,I. AMURRU,"Although the matrix is undoubtedly Neogene marl as in EA 61 and 62, the inclusion assemblage is composed predominantly of vegetal material. This is probably the result of the scribe’s preference. The conclusions reached in the analysis of EA 61 and 62 may also be applied to EA 156.",
EA 157,VAT 624,from Aziru to the King of Egypt,Ch.7 THE KINGDOM OF AMURRU AND NEIGHBOURING POLITIES,I. AMURRU,"and conclusions: This letter belongs to the same petrofabric as EA 60, namely to the Lower Cretaceous clay or shales group. The presence of volcanoclastics in this sample is noteworthy.",
EA 159,VAT 1658,from Aziru to the King of Egypt,Ch.7 THE KINGDOM OF AMURRU AND NEIGHBOURING POLITIES,I. AMURRU,and conclusions: As EA 61.,
EA 161,BM 29818,from Aziru to the King of Egypt,Ch.7 THE KINGDOM OF AMURRU AND NEIGHBOURING POLITIES,I. AMURRU,"conclusions: Although this sample is defined as being moderately reliable by its size, it supplies enough evidence to suggest that it may be similar to EA 169.",
EA 162,VAT 347,from the King of Egypt to Aziru of Amurru,Ch.3 LETTERS OF THE GREAT POWERS,I. EGYPT,EA 162 is similar in its petrographic affinities to EA 1 and EA 14.,
EA 163,VAT 1885,from the King of Egypt to a Canaanite ruler (?),Ch.3 LETTERS OF THE GREAT POWERS,I. EGYPT,"This tablet is readily identified by its petrographic affinities as being produced of the so-called Nile silt (or preferably Nile mud). This term refers to pottery manufactured in Egypt from local Quaternary Nile sediments. It is easily distinguished petrographically. The main features of Nile silt, when examined under the petrographic microscope are as follows:",There are numerous references for the petrography of Nile silt produced pottery (Bourriau e/
EA 164,VAT 249,from Aziru to the Egyptian official Tutu,Ch.7 THE KINGDOM OF AMURRU AND NEIGHBOURING POLITIES,I. AMURRU,"Although this sample is minimal in size and contents, the petrographic data suggests that it may be similar to EA 161 (in itself a meagre sample but still more informative), and to the highly reliable sample of EA 169. It undoubtedly belongs to the group represented by EA 169-171.",
EA 165,VAT 325,from Aziru to the King of Egypt,Ch.7 THE KINGDOM OF AMURRU AND NEIGHBOURING POLITIES,I. AMURRU,,
EA 166,VAT 250,from Aziru to the Egyptian official Haay,Ch.7 THE KINGDOM OF AMURRU AND NEIGHBOURING POLITIES,I. AMURRU,,
EA 167,VAT 326,from Aziru (2) to the Egyptian official Tutu (?),Ch.7 THE KINGDOM OF AMURRU AND NEIGHBOURING POLITIES,I. AMURRU,EA 167 is identical to EA 165 in all respects. The perfect match may suggest that the two tablets were made of the same body of clay and inclusions.,
EA 168,VAT 1659,from Aziru to the King of Egypt,Ch.7 THE KINGDOM OF AMURRU AND NEIGHBOURING POLITIES,I. AMURRU,,
EA 169,VAT 1660,from DU-Teshup or Bet-ili (?) to the Egyptian official,Ch.7 THE KINGDOM OF AMURRU AND NEIGHBOURING POLITIES,I. AMURRU,,No petrographic report on the pottery from Tell ‘Arqa has been published. EA 100 is therefore
EA 170,VAT 327,from Ba‘luya and Bet-ili to Aziru in Egypt,Ch.7 THE KINGDOM OF AMURRU AND NEIGHBOURING POLITIES,I. AMURRU,Similar in most details to EA 169.,
EA 171,VAT 1723,from Aziru to the King of Egypt,Ch.7 THE KINGDOM OF AMURRU AND NEIGHBOURING POLITIES,I. AMURRU,and conclusions: As EA 169.,
EA 172,VAT 1877,,Ch.3 LETTERS OF THE GREAT POWERS,VII. INTERNATIONAL LETTER OF UNKNOWN PROVENANCE,,
EA 173,VAT 1875,from (2) to the King of Egypt,Ch.8 THE LEBANESE BEQA’,IV. A GROUP OF IDENTICAL LETTERS SENT BY FOUR BEQA‘ RULERS,"and conclusions: EA 173 is petrographically similar to EA 174-175. The text deals with the same matter as EA 174, 175 and 363, and although it does not follow their formulaic",
EA 174,VAT 1585,from Bieri of Hashabu to the King of Egypt,Ch.8 THE LEBANESE BEQA’,IV. A GROUP OF IDENTICAL LETTERS SENT BY FOUR BEQA‘ RULERS,,
EA 175,VAT 1588,from Ildayyi of Hasi to the King of Egypt,Ch.8 THE LEBANESE BEQA’,IV. A GROUP OF IDENTICAL LETTERS SENT BY FOUR BEQA‘ RULERS,This tablet is similar in most details to EA 174 and likewise reveals very little concerning its provenance. Therefore it is practically useless for refined provenance determination.,
EA 177,VAT 1684,from Yamiuta to the King of Egypt,Ch.8 THE LEBANESE BEQA’,I. ENISHASI,,
EA 178,VAT 1677,from Hibiya to an Egyptian official,Ch.8 THE LEBANESE BEQA’,IV. A GROUP OF IDENTICAL LETTERS SENT BY FOUR BEQA‘ RULERS,and conclusions: See EA 179.,
EA 179,VAT 1703,from the deposed ruler of Tubihu to the King of Egypt,Ch.8 THE LEBANESE BEQA’,IV. A GROUP OF IDENTICAL LETTERS SENT BY FOUR BEQA‘ RULERS,,
EA 181,VAT 1623,from (?) to the King of Egypt,Ch.8 THE LEBANESE BEQA’,IV. A GROUP OF IDENTICAL LETTERS SENT BY FOUR BEQA‘ RULERS,"and conclusions: Similar to EA 174 and 175, revealing very little concerning its provenance. Therefore it is practically useless for refined provenance determination.",
EA 182,VAT 1615,from Shutarna to the King of Egypt,Ch.10 SOUTHERN SYRIA AND THE NEIGHBOURING AREAS,II. MUSHIHUNA,As EA 183.,
EA 183,VAT 1595,from Shutarna to the King of Egypt,Ch.10 SOUTHERN SYRIA AND THE NEIGHBOURING AREAS,II. MUSHIHUNA,"This tablet clearly represents a calcareous sedimentary environment, therefore a source area in the Bashan is highly unlikely. The tablet does not supply enough petrographic data to enable the identification of its precise place of origin.",
EA 184,Ash. 1893. 1-41: 426,from Shutarna to the King of Egypt,Ch.10 SOUTHERN SYRIA AND THE NEIGHBOURING AREAS,II. MUSHIHUNA,"EA 184 is different from EA 182-183. It is probably made of marl that was taken from an in situ deposit. However, there are no other details that may help in the definition of its geological age and origin.",
EA 185,VAT 1725,from Mayarzana of Hasi to the King of Egypt,Ch.8 THE LEBANESE BEQA’,I. ENISHASI,"As EA 175 (below), but fired to some extent.",
EA 186,VAT 1724,from Mayarzana to the King of Egypt,Ch.8 THE LEBANESE BEQA’,I. ENISHASI,,
EA 187,BM 29860,from Shatiya to the King of Egypt,Ch.8 THE LEBANESE BEQA’,I. ENISHASI,"While the matrix of this tablet is not different from that of most of the Beqa‘ letters, several components of the inclusions suggest marl or rendzinal soil that developed on the marine calcareous formations of the Lower Cretaceous lithological section. A typical fingerprint",
EA 189,VAT 336,from Etakkama to the King of Egypt,Ch.6 SYRIAN KINGDOMS IN THE MIDDLE ORONTES AREA,I. QATNA,"and reference: From a petrographic viewpoint this tablet supplies rather poor indications as to its origin since it contains mostly artefactual inclusions (chopped vegetal materials). Using the scant comparative data that could be obtained from the thin sections of Late Bronze pottery from Tell Nebi Mend, we can cautiously state that EA 189 accords with the main",
EA 190,Ash 1893.1-41:411,from Egypt to Etakkama of Qidshu,Ch.3 LETTERS OF THE GREAT POWERS,I. EGYPT,EA 190 is similar in its petrographic affinities to EA 1 and EA 14.,
EA 192,VAT 1674,from Arsawuya to the King of Egypt,Ch.6 SYRIAN KINGDOMS IN THE MIDDLE ORONTES AREA,IV. RUHIZZI,and conclusions: The neighbourhood of Labana and Ruhizzi as suggested by scholars on the basis of the documentary evidence is confirmed by the petrographic analyses of EA 192 and 193. EA 192 does not supply additional clues as to the exact location of Ruhizzi but it should nevertheless be sought within the same boundaries suggested for Labana.,
EA 193,VAT 1608,from Teuwatti to the King of Egypt,Ch.6 SYRIAN KINGDOMS IN THE MIDDLE ORONTES AREA,I. QATNA,,
EA 194,VAT 1705,from Biryawaza to the King of Egypt,Ch.10 SOUTHERN SYRIA AND THE NEIGHBOURING AREAS,I. DAMASCUS (DIMASHQU),"and conclusions: The micropalaeontological data from EA 196 indicates that the clay used for EA 194, 196, and 197 is most likely of Neogene age. Since Neogene marls are",
EA 196,VAT 1592 + 1710,from Biryawaza to the King of Egypt,Ch.10 SOUTHERN SYRIA AND THE NEIGHBOURING AREAS,I. DAMASCUS (DIMASHQU),and conclusions: As EA 194.,
EA 197,BM 29826,from Biryawaza to the King of Egypt,Ch.10 SOUTHERN SYRIA AND THE NEIGHBOURING AREAS,I. DAMASCUS (DIMASHQU),and conclusions: As EA 194.,
EA 200,VAT 1622,from (2) to the King of Egypt,Ch.11 THE BASHAN AREA,VIII. TABLETS FROM UNSPECIFIED CITIES IN THE BASHAN,and conclusions: Most likely as EA 201.,
EA 201,VAT 338,from Artamanya to the King of Egypt,Ch.11 THE BASHAN AREA,I. Z/SIRIBASHANI,"and conclusions: The Bashan tablets can be divided into four petrographic groups (see below). EA 201 belongs to the main group, probably dispatched from the southern Bashan or Yarmuk Valley.",
EA 202,VAT 331,from Amawashe to the King of Egypt,Ch.11 THE BASHAN AREA,VIII. TABLETS FROM UNSPECIFIED CITIES IN THE BASHAN,and conclusions: AS EA 201.,
EA 203,VAT 330,from Abdi-Milki to the King of Egypt,Ch.11 THE BASHAN AREA,II. SHASHIMI,and conclusions: As EA 201.,
EA 204,VAT 328,from the ruler of Qanu to the King of Egypt,Ch.11 THE BASHAN AREA,II. QANU,and conclusions: As EA 201.,
EA 205,BM 29861,from the ruler of Tubu to the King of Egypt,Ch.11 THE BASHAN AREA,IV. TUBU,and conclusions: As EA 201.,
EA 207,VAT 1593,from Ipte... to the King of Egypt,Ch.11 THE BASHAN AREA,VIII. TABLETS FROM UNSPECIFIED CITIES IN THE BASHAN,and conclusions: As EA 364.,
EA 208,VAT 1699,from (2) to the King of Egypt (?),Ch.11 THE BASHAN AREA,VIII. TABLETS FROM UNSPECIFIED CITIES IN THE BASHAN,and conclusions: EA 208 belongs to a group of letters which was probably dispatched from Damascus (Table 11.1),
EA 209,AO 2036,from Zishamimi to the King of Egypt,Ch.11 THE BASHAN AREA,VIII. TABLETS FROM UNSPECIFIED CITIES IN THE BASHAN,and conclusions: As EA 208.,
EA 210,VAT 1876,from Zishamimi to an Egyptian official (?),Ch.11 THE BASHAN AREA,VIII. TABLETS FROM UNSPECIFIED CITIES IN THE BASHAN,and conclusions: Moran (1992:xxix n. 82) correctly noted that EA 210 was not addressed to the king. The letter was probably dispatched to an Egyptian official whose name appears in line 1. Line 4 contains the salutation “[may the god DN gua]rd you” (DN /i-su]-ur-ka). EA 210 was probably dispatched from Damascus (Table 11.1).,
EA 211,VAT 1648,from Zitriyara to the King of Egypt,Ch.15 UNIDENTIFIED CITIES IN CANAAN,I. AHTIRUNA,"As explained in detail in the case of EA 168, this tablet was made of south Canaan coastal plain sediments, in the area between Raphia and Ashkelon.",
EA 212,VAT 1587,from Zitriyara to the King of Egypt,Ch.15 UNIDENTIFIED CITIES IN CANAAN,I. AHTIRUNA,and conclusions: As EA 211.,As EA 168 (Chapter 7.1).
EA 213,BM 29859,from Zitriyara to the King of Egypt,Ch.15 UNIDENTIFIED CITIES IN CANAAN,I. AHTIRUNA,and conclusions: As EA 211.,As EA 168 (Chapter 7).
EA 214,VAT 1607,from (2) to the King of Egypt,Ch.15 UNIDENTIFIED CITIES IN CANAAN,IV. SMALL FRAGMENTS OF LETTERS OF OTHER PROVENANCES,Terra rossa with wind-blown quartz sand and local limestone and chalk. See EA 64.,
EA 215,BM 29843,from Bayawa to the King of Egypt,Ch.15 UNIDENTIFIED CITIES IN CANAAN,I. AHTIRUNA,As EA 211.,As EA 168.
EA 217,VAT 1604,from (2) to the King of Egypt,Ch.15 UNIDENTIFIED CITIES IN CANAAN,I. AHTIRUNA,and conclusions: As EA 211.,As EA 168.
EA 218,VAT 1696,from (2) to the King of Egypt,Ch.15 UNIDENTIFIED CITIES IN CANAAN,I. AHTIRUNA,and conclusions: As EA 211.,As EA 168.
EA 219,VAT 1720,from (2) to the King of Egypt,Ch.15 UNIDENTIFIED CITIES IN CANAAN,IV. SMALL FRAGMENTS OF LETTERS OF OTHER PROVENANCES,,"For the use of Moza clay for ceramic production, see EA 252 (Chapter 13.1). The mixture"
EA 221,VAT 341,from Wiktasu to the King of Egypt,"Ch.12 THE GALILEE, THE COASTAL PLAIN OF ACCO",VII. REHOB,and conclusions: As EA 259.,
EA 222,VAT 1683,from Wiktasu to the King of Egypt,"Ch.12 THE GALILEE, THE COASTAL PLAIN OF ACCO",VII. REHOB,and conclusions: As EA 259.,
EA 223,VAT 1870,from Endaruta to the King of Egypt,"Ch.12 THE GALILEE, THE COASTAL PLAIN OF ACCO",I. HAZOR (HASURA),,
EA 224,BM 29849,from Sum-Adda to the King of Egypt,"Ch.12 THE GALILEE, THE COASTAL PLAIN OF ACCO",I. HAZOR (HASURA),,
EA 226,VAT 1610,from Shiptu-risa to the King of Egypt,Ch.15 UNIDENTIFIED CITIES IN CANAAN,I. AHTIRUNA,and conclusions: As EA 211. Knudtzon assigned this ruler to northern Canaan. The letter was most likely sent from Gaza.,As EA 168.
EA 227,BM 29830,from the ruler of Hasura to the King of Egypt,"Ch.12 THE GALILEE, THE COASTAL PLAIN OF ACCO",I. HAZOR (HASURA),,
EA 228,BM 29831,from Abdi-Tirshi to the King of Egypt,"Ch.12 THE GALILEE, THE COASTAL PLAIN OF ACCO",I. HAZOR (HASURA),"The inclusion assemblage is rather like that of EA 227, although similar inclusions (often with foraminiferous marly matrices) appear in tablets of the Bashan cities","In terms of its petrofabric, EA 228 is identical to the mathematical tablet that was discovered"
EA 229,VAT 1689,from Abdina (?) to the King of Egypt,Ch.14 THE SHEPHELAH AND THE SOUTHERN COASTAL PLAIN,I. GEZER (GAZRU),As EA 64.,
EA 230,BM 37646,from Yama to the King of Egypt,Ch.15 UNIDENTIFIED CITIES IN CANAAN,I. AHTIRUNA,,
EA 231,VAT 1599,from (2) to the King of Egypt,Ch.15 UNIDENTIFIED CITIES IN CANAAN,IV. SMALL FRAGMENTS OF LETTERS OF OTHER PROVENANCES,As EA 72 from Byblos (Chapter 9.1).,
EA 232,VAT 1640,from Surata to the King of Egypt,"Ch.12 THE GALILEE, THE COASTAL PLAIN OF ACCO",IV. ACCO (AKKA),Most likely as EA 234.,
EA 234,VAT 1641,from Shatatna to the King of Egypt,"Ch.12 THE GALILEE, THE COASTAL PLAIN OF ACCO",IV. ACCO (AKKA),,
EA 235,BM 29815,from Shatatna to the King of Egypt,"Ch.12 THE GALILEE, THE COASTAL PLAIN OF ACCO",IV. ACCO (AKKA),As EA 234.,
EA 236,Ash. 1893 1-41: 423,from (?),Ch.15 UNIDENTIFIED CITIES IN CANAAN,IV. SMALL FRAGMENTS OF LETTERS OF OTHER PROVENANCES,"and conclusions: The matrix is probably Paleocene marl. However, there are not enough petrographic data to suggest an origin for this small fragment.",
EA 237,VAT 1701,from Bayadi (?) to the King of Egypt,"Ch.12 THE GALILEE, THE COASTAL PLAIN OF ACCO",V. ANAHARATH,and conclusions: See the conclusions on the Bayadi - Baduzana correspondence.,
EA 238,VAT 1867,from Bayadi to an Egyptian official,"Ch.12 THE GALILEE, THE COASTAL PLAIN OF ACCO",V. ANAHARATH,and conclusions: See the conclusions on the Bayadi - Baduzana correspondence.,
EA 239,VAT 334,from Baduzana to the King of Egypt,"Ch.12 THE GALILEE, THE COASTAL PLAIN OF ACCO",V. ANAHARATH,and conclusions: See the conclusions on the Bayadi - Baduzana correspondence.,
EA 240,VAT 2198 + 2707,,Ch.15 UNIDENTIFIED CITIES IN CANAAN,IV. SMALL FRAGMENTS OF LETTERS OF OTHER PROVENANCES,", reference and conclusions: Terra rossa with wind blown quartz sand and local limestone and chalk. See EA 64.",
EA 241,VAT 1678,from Rusmanya to the King of Egypt,Ch.11 THE BASHAN AREA,VII. SHARUNA,and conclusions: As EA 201.,
EA 242,VAT 1670,from Biridiya to the King of Egypt,"Ch.12 THE GALILEE, THE COASTAL PLAIN OF ACCO",VI. MEGIDDO (MAGIDDA),and reference: Maastrichtian chalky marl of the Ghareb formation.,
EA 243,VAT 1669,"from Biridiya to the King of Egypt,","Ch.12 THE GALILEE, THE COASTAL PLAIN OF ACCO",VI. MEGIDDO (MAGIDDA),and reference: Maastrichtian chalky marl of the Ghareb formation.,
EA 245,BM 29855,from Biridiya to the King of Egypt,"Ch.12 THE GALILEE, THE COASTAL PLAIN OF ACCO",VI. MEGIDDO (MAGIDDA),and reference: Maastrichtian chalky marl of the Ghareb formation.,
EA 246,VAT 1649,from Biridiya to the King of Egypt,"Ch.12 THE GALILEE, THE COASTAL PLAIN OF ACCO",VI. MEGIDDO (MAGIDDA),and reference: Maastrichtian chalky marl of the Ghareb formation.,
EA 248,BM 29842,from Yashdata to the King of Egypt,"Ch.12 THE GALILEE, THE COASTAL PLAIN OF ACCO",VI. MEGIDDO (MAGIDDA),and reference: Maastrichtian chalky marl of the Ghareb formation,
EA 249,VAT 1603,from Ba‘lu-UR.SAG to the King of Egypt,"Ch.12 THE GALILEE, THE COASTAL PLAIN OF ACCO",VII. REHOB,As EA 224.,
EA 251,BM 29862,from (2) to the King of Egypt,Ch.15 UNIDENTIFIED CITIES IN CANAAN,I. AHTIRUNA,,See EA 169 (Chapter 7).
EA 252,BM 29844,from Lab’ayu to the King of Egypt,Ch.13 THE CENTRAL HILL COUNTRY,I. SHECHEM (SHAKMU),,The Moza-‘Amminadav petrographic group is well known from pottery assemblages from
EA 253,VAT 1589,from Lab’ayu to the King of Egypt,Ch.13 THE CENTRAL HILL COUNTRY,I. SHECHEM (SHAKMU),,
EA 254,VAT 335,from Lab’ayu to the King of Egypt,Ch.13 THE CENTRAL HILL COUNTRY,I. SHECHEM (SHAKMU),and conclusions: As EA 252.,
EA 255,VAT 333,"from Mut-Ba‘lu, to the King of Egypt","Ch.12 THE GALILEE, THE COASTAL PLAIN OF ACCO",X. PEHEL (PIHILU),The material of this letter is different from that of EA 256 and similar to EA 224 and the like.,
EA 256,BM 29847,from Mut-Ba‘lu to the King of Egypt,"Ch.12 THE GALILEE, THE COASTAL PLAIN OF ACCO",X. PEHEL (PIHILU),"By its petrofabric, this tablet is obviously made of Taqiye shales. Indeed, Tagiye marl is widespread around the site of Pella. The use of Tagiye marl is also common at nearby Tell Abu al Kharaz. The group of unfired Late Bronze I vessels mentioned above were all made of this",The closest reference to the use of such materials near Pella is the above-mentioned unfired
EA 257,VAT 1715,from Ba‘lu-mehir to the King of Egypt,"Ch.12 THE GALILEE, THE COASTAL PLAIN OF ACCO",VII. REHOB,See discussion of EA 259.,
EA 258,VAT 329,from Ba‘lu-mehir to the King of Egypt,"Ch.12 THE GALILEE, THE COASTAL PLAIN OF ACCO",VII. REHOB,See discussion of EA 259.,
EA 259,VAT 1582,from Ba‘lu-mehir to the King of Egypt,"Ch.12 THE GALILEE, THE COASTAL PLAIN OF ACCO",VII. REHOB,for EA 257-259: The matrix of the three tablets is composed of Rendzina,
EA 261,BM 29858,from Dashru to the King of Egypt,Ch.15 UNIDENTIFIED CITIES IN CANAAN,I. AHTIRUNA,,
EA 263,VAT 1688,from (2) to the King of Egypt (?),"Ch.12 THE GALILEE, THE COASTAL PLAIN OF ACCO",VII. REHOB,As EA 224.,
EA 264,BM 29853,from Tagi to the King of Egypt,"Ch.12 THE GALILEE, THE COASTAL PLAIN OF ACCO",IX. GINTI-KIRMIL,,
EA 265,VAT 1697,from Tagi to the King of Egypt,"Ch.12 THE GALILEE, THE COASTAL PLAIN OF ACCO",IX. GINTI-KIRMIL,and conclusions: As EA 264.,
EA 266,VAT 1590,from Tagi to the King of Egypt,"Ch.12 THE GALILEE, THE COASTAL PLAIN OF ACCO",IX. GINTI-KIRMIL,"Reworked Tagiye marl, namely marl that was not collected in situ but rather from a field close to the section where the marl was mixed with aeolian dust (see EA 258).",As EA 264.
EA 268,VAT 1532,from Milkilu to the King of Egypt,Ch.14 THE SHEPHELAH AND THE SOUTHERN COASTAL PLAIN,I. GEZER (GAZRU),,Similar clay and inclusions form one of the local fabrics in the ceramic assemblage of Gezer
EA 269,BM 29846,from Milkilu to the King of Egypt,Ch.14 THE SHEPHELAH AND THE SOUTHERN COASTAL PLAIN,I. GEZER (GAZRU),"As EA 268, but fired to somewhat higher temperature.",
EA 270,BM 29845,from Milkilu to the King of Egypt,Ch.14 THE SHEPHELAH AND THE SOUTHERN COASTAL PLAIN,I. GEZER (GAZRU),and conclusions: As EA 268.,
EA 271,VAT 1531,from Milkilu to the King of Egypt,Ch.14 THE SHEPHELAH AND THE SOUTHERN COASTAL PLAIN,I. GEZER (GAZRU),and conclusions: As EA 268.,
EA 272,BM 29863,from Shum-|...] to the King of Egypt,Ch.14 THE SHEPHELAH AND THE SOUTHERN COASTAL PLAIN,I. GEZER (GAZRU),"As EA 268, but fired to a somewhat higher temperature.",
EA 273,VAT 1686,from Belit-nesheti to the King of Egypt,Ch.14 THE SHEPHELAH AND THE SOUTHERN COASTAL PLAIN,I. GEZER (GAZRU),,"As EA 268, that is, a Gezer-produced tablet."
EA 275,VAT 1682,from Yahzib-Adda to the King of Egypt,Ch.14 THE SHEPHELAH AND THE SOUTHERN COASTAL PLAIN,IV. A GROUP OF IDENTICAL LETTERS SENT BY,and conclusions: As EA 278.,
EA 276,VAT 1706,from Yahzib-Adda to the King of Egypt,Ch.14 THE SHEPHELAH AND THE SOUTHERN COASTAL PLAIN,IV. A GROUP OF IDENTICAL LETTERS SENT BY,and conclusions: As EA 278.,
EA 277,BM 29864,from Yahzib-Adda (?) to the King of Egypt,Ch.14 THE SHEPHELAH AND THE SOUTHERN COASTAL PLAIN,IV. A GROUP OF IDENTICAL LETTERS SENT BY,"The element concentrations of EA 275, 276 and 277 (Appendix, Table A1) reveal great similarity and low standard deviations, indicating that the three tablets are made of similar materials.",
EA 278,BM 29852,from Shuwardatu to the King of Egypt,Ch.14 THE SHEPHELAH AND THE SOUTHERN COASTAL PLAIN,I. GEZER (GAZRU),"The tablet is made of reworked marl of the Taqiye formation (based on the petrographic affinities and the age, as determined by palaeontology). The inclusion assemblage indicates an area where chalk, nari and some wind-blown fine sand quartz appear. This suits the higher Shephelah area.",See EA 268 for references to the Taqiye formation in the Shephelah.
EA 279,VAT 1647,from Shuwardatu to the King of Egypt,Ch.14 THE SHEPHELAH AND THE SOUTHERN COASTAL PLAIN,I. GEZER (GAZRU),"The matrix of this tablet combines the petrographic properties of loess (silty- carbonatic wind-blown, clay loam) and brown rendzina soil. The inclusions contain nari from the mother-rock of the rendzina soil, some wind-blown quartz sand and artificially added straw.",The combination of rendzina-loessial soil with chalk and nari inclusions is known from
EA 281,VAT 1681,from Shuwardatu to the King of Egypt,Ch.14 THE SHEPHELAH AND THE SOUTHERN COASTAL PLAIN,I. GEZER (GAZRU),and conclusions: As EA 279.,
EA 282,BM 29851,from Shuwardatu to the King of Egypt,Ch.14 THE SHEPHELAH AND THE SOUTHERN COASTAL PLAIN,I. GEZER (GAZRU),and conclusions: As EA 279.,
EA 283,VAT 339,from Shuwardatu to the King of Egypt,Ch.14 THE SHEPHELAH AND THE SOUTHERN COASTAL PLAIN,I. GEZER (GAZRU),and conclusions: As EA 279.,
EA 284,BM 29850,from Shuwardatu to the King of Egypt,Ch.14 THE SHEPHELAH AND THE SOUTHERN COASTAL PLAIN,I. GEZER (GAZRU),and conclusions: As EA 279.,
EA 285,VAT 1601,from Abdi-Heba to the King of Egypt,Ch.13 THE CENTRAL HILL COUNTRY,I. SHECHEM (SHAKMU),,As EA 224.
EA 286,VAT 1642,from Abdi-Heba to the King of Egypt,Ch.13 THE CENTRAL HILL COUNTRY,I. SHECHEM (SHAKMU),Similar to EA 252.,
EA 287,VAT 1644,from Abdi-Heba to the King of Egypt,Ch.13 THE CENTRAL HILL COUNTRY,I. SHECHEM (SHAKMU),Similar to EA 252 (above).,
EA 288,VAT 1643,from Abdi-Heba to the King of Egypt,Ch.13 THE CENTRAL HILL COUNTRY,I. SHECHEM (SHAKMU),Similar to EA 252.,
EA 289,VAT 1645 + 2709,from Abdi-Heba to the King of Egypt,Ch.13 THE CENTRAL HILL COUNTRY,I. SHECHEM (SHAKMU),Similar to EA 252.,
EA 290,VAT 1646,from Abdi-Heba to the King of Egypt,Ch.13 THE CENTRAL HILL COUNTRY,I. SHECHEM (SHAKMU),Similar to EA 252.,
EA 291,VAT 1713,from the ruler of Jerusalem (2),Ch.13 THE CENTRAL HILL COUNTRY,I. SHECHEM (SHAKMU),As EA 268.,
EA 292,BM 37647,from Ba‘lu-danu to the King of Egypt,Ch.14 THE SHEPHELAH AND THE SOUTHERN COASTAL PLAIN,I. GEZER (GAZRU),and conclusions: As EA 268.,
EA 294,BM 29854,from Si-x-x-ni’ to the King of Egypt,Ch.14 THE SHEPHELAH AND THE SOUTHERN COASTAL PLAIN,V. ASHDOD,EA 294 is similar in all respects to EA 296.,
EA 295,VAT 1650,from [Ba‘lu]-danu’ to the King of Egypt,Ch.9 THE LEBANESE LITTORAL,IV. TYRE (SURRU),As EA 151.,
EA 296,BM 29840,from Yahtiru to the King of Egypt,Ch.14 THE SHEPHELAH AND THE SOUTHERN COASTAL PLAIN,V. ASHDOD,,Hamra-made pottery is distributed in Israel in sites located mainly along the central coastal
EA 297,BM 29834,from Yapahu to the King of Egypt,Ch.14 THE SHEPHELAH AND THE SOUTHERN COASTAL PLAIN,I. GEZER (GAZRU),and conclusions: As EA 268.,
EA 298,BM 29833,from Yapahu to the King of Egypt,Ch.14 THE SHEPHELAH AND THE SOUTHERN COASTAL PLAIN,I. GEZER (GAZRU),"This document is one of a group of tablets that are made of loess soil with coastal sand (see EA 168). This combination is restricted to the area between Raphia in the south, Ashkelon in the north and the Mefalsim - Kissufim area in the east.",
EA 299,BM 29832,from Yapahu to the King of Egypt,Ch.14 THE SHEPHELAH AND THE SOUTHERN COASTAL PLAIN,I. GEZER (GAZRU),See EA 298.,
EA 302,VAT 332,from Shubandu to the King of Egypt,Ch.14 THE SHEPHELAH AND THE SOUTHERN COASTAL PLAIN,VI. ASHKELON (ASQALUNA),As EA 321.,
EA 303,BM 29821,from Shubandu to the King of Egypt,Ch.14 THE SHEPHELAH AND THE SOUTHERN COASTAL PLAIN,VI. ASHKELON (ASQALUNA),As EA 321.,
EA 304,BM 29822,from Shubandu to the King of Egypt,Ch.14 THE SHEPHELAH AND THE SOUTHERN COASTAL PLAIN,VI. ASHKELON (ASQALUNA),"As EA 321. The representation of heavy minerals in the sand fraction of this sample is typical of coastal sand, and stems from the larger sample size as compared with EA 302 and 303.",
EA 306,BM 29823,from Shubandu to the King of Egypt,Ch.14 THE SHEPHELAH AND THE SOUTHERN COASTAL PLAIN,VI. ASHKELON (ASQALUNA),"As EA 321. The representation of heavy minerals in the sand fraction of this sample is typical of coastal sand, and stems from the larger sample size as compared with EA 302 and 303.",
EA 307,VAT 1586,from (?) to the King of Egypt,Ch.15 UNIDENTIFIED CITIES IN CANAAN,I. AHTIRUNA,"Like EA 168, this tablet was made of sediments from the Gaza-Ashkelon area.",As EA 168.
EA 308,VAT 1602,from (2) to the King of Egypt,Ch.15 UNIDENTIFIED CITIES IN CANAAN,I. AHTIRUNA,This tablet was made of sediments from the Gaza-Ashkelon area.,EA 168.
EA 309,VAT 1874,from (2?) to the King of Egypt,Ch.15 UNIDENTIFIED CITIES IN CANAAN,I. AHTIRUNA,"Like EA 168, this tablet was made of sediments from the Gaza-Ashkelon area.",EA 168.
EA 310,VAT 1698,from (2) to the King of Egypt (?),Ch.15 UNIDENTIFIED CITIES IN CANAAN,I. AHTIRUNA,This tablet was made of sediments from the Gaza-Ashkelon area.,EA 168.
EA 311,VAT 1597,from (2) to the King of Egypt,Ch.14 THE SHEPHELAH AND THE SOUTHERN COASTAL PLAIN,I. GEZER (GAZRU),This letter is similar both petrographically and chemically to EA 332.,
EA 312,VAT 1886 + 1709,from (?) to the King of Egypt (?),Ch.15 UNIDENTIFIED CITIES IN CANAAN,I. AHTIRUNA,"Like EA 168, this tablet was made of sediments from the Gaza-Ashkelon area. Conclusions: As EA 307.",
EA 315,BM 29839,from Pu-Ba‘lu to the King of Egypt,Ch.14 THE SHEPHELAH AND THE SOUTHERN COASTAL PLAIN,VII. YURZA,,
EA 316,BM 29838,from Pu-Ba‘lu to the King of Egypt,Ch.14 THE SHEPHELAH AND THE SOUTHERN COASTAL PLAIN,VII. YURZA,As EA 315.,
EA 317,VAT 1676,from Dagan-takala to the King of Egypt,Ch.15 UNIDENTIFIED CITIES IN CANAAN,I. AHTIRUNA,As EA 211.,As EA 168.
EA 318,BM 29857,from Dagan-takala to the King of Egypt,Ch.15 UNIDENTIFIED CITIES IN CANAAN,I. AHTIRUNA,As EA 211.,As EA 168.
EA 319,VAT 1722,from Zur-Ashar to the King of Egypt,Ch.15 UNIDENTIFIED CITIES IN CANAAN,I. AHTIRUNA,This tablet was made of southern Canaan coastal sediments (the area between Raphia and Ashkelon).,As EA 168 (Chapter 7).
EA 321,VAT 1671,from Yidia to the King of Egypt,Ch.14 THE SHEPHELAH AND THE SOUTHERN COASTAL PLAIN,VI. ASHKELON (ASQALUNA),"See EA 168 (Chapter 7.1) for detailed discussion on the provenance of the loess with quartzitic coastal sand fabric. EA 321, as well as the other tablets of Yidia and Shubandu, originated in the Gaza-Ashkelon area.","By its fabric, this letter is similar to the Ashkelon reference materials mentioned above."
EA 323,BM 29836,from Yidia to the King of Egypt,Ch.14 THE SHEPHELAH AND THE SOUTHERN COASTAL PLAIN,VI. ASHKELON (ASQALUNA),,
EA 324,BM 29837,from Yidia to the King of Egypt,Ch.14 THE SHEPHELAH AND THE SOUTHERN COASTAL PLAIN,VI. ASHKELON (ASQALUNA),As EA 321.,
EA 325,BM 29835,from Yidia to the King of Egypt,Ch.14 THE SHEPHELAH AND THE SOUTHERN COASTAL PLAIN,VI. ASHKELON (ASQALUNA),As EA 321.,
EA 326,VAT 1672,from Yidia to the King of Egypt,Ch.14 THE SHEPHELAH AND THE SOUTHERN COASTAL PLAIN,VI. ASHKELON (ASQALUNA),As EA 321.,
EA 329,VAT 1673,from Zimreddi (sic Moran 1992) to the King of Egypt,Ch.14 THE SHEPHELAH AND THE SOUTHERN COASTAL PLAIN,I. GEZER (GAZRU),,
EA 330,BM 29848,from Shipti-Ba‘lu to the King of Egypt,Ch.14 THE SHEPHELAH AND THE SOUTHERN COASTAL PLAIN,I. GEZER (GAZRU),"Under the microscope the material of this tablet combines the properties of loess (silty-carbonatic clay loam) and pale rendzina (many foraminifers and chalk particles). The inclusions contain quartz sand and chalk particles. For the reasons that were explained above (EA 279), these materials suit the lithology of the southwestern Shephelah.",Similar to some of the examined pottery from Lachish (Goren and Halperin 2004).
EA 332,VAT 1883,from Shipti-Ba‘lu to the King of Egypt,Ch.14 THE SHEPHELAH AND THE SOUTHERN COASTAL PLAIN,I. GEZER (GAZRU),,
EA 334,VAT 1609,from (2) of Zuhra to the King of Egypt,Ch.11 THE BASHAN AREA,VI. ZUHRA,and conclusions: EA 334 belongs to a group of letters which were probably dispatched from Zuhra (Table 11.1).,
EA 335,VAT 1616 + 1708,from Abdi-Ashtarti (2?) to the King of Egypt,Ch.14 THE SHEPHELAH AND THE SOUTHERN COASTAL PLAIN,I. GEZER (GAZRU),and conclusions: As EA 279.,
EA 336,VAT 1707,from Hiziru to the King of Egypt,Ch.11 THE BASHAN AREA,VI. ZUHRA,and conclusions: As EA 334.,
EA 337,VAT 1679,from Hiziru to the King of Egypt,Ch.11 THE BASHAN AREA,VI. ZUHRA,and conclusions: As EA 364 of Ashtaroth.,
EA 339,VAT 1887,Canaanite letter written in Egypt,Ch.3 LETTERS OF THE GREAT POWERS,I. EGYPT,By its petrographic affinities this tablet most likely represents Nile silt (as EA 163).,
EA 340,VAT 1583,an historical tale or a letter fragment,Ch.4 SCHOLARLY TEXTS,,"This tablet is identical in all components to the Egyptian letters. From a technical point of view, it is unfired (or very lightly fired), a trait that is characteristic of the Egyptian documents (unlike the Mesopotamian tablets which are usually well fired).",See EA | (Chapter 3.1).
EA 341,Ash. 1893 1-41: 415,the story of Ke&Si,Ch.4 SCHOLARLY TEXTS,,As EA 340.,See EA | (Chapter 3.]).
EA 342,Ash. 1893 1-41: 414,an exercise in letter writing?,Ch.4 SCHOLARLY TEXTS,,"This tablet was probably made on refined Euphrates sediment. It is similar in most respects to the Babylonian letters, especially to EA 11 (Chapter 3.III).",
EA 343,Ash. 1893 1-41: 427,an exercise,Ch.4 SCHOLARLY TEXTS,,As EA 340.,See EA | (Chapter 3.1).
EA 344,Ash. 1893 1-41: 417,an exercise?,Ch.4 SCHOLARLY TEXTS,,"This tablet was probably made on refined Euphrates sediment. It resembles in most aspects the Babylonian letters, especially EA 11.",
EA 345,Ash. 1893 1-41: 424,an exercise,Ch.4 SCHOLARLY TEXTS,,As EA 340.,See EA 1 (Chapter 3.1).
EA 346,Ash. 1893 1-41: 420,an exercise,Ch.4 SCHOLARLY TEXTS,,As EA 340.,See EA 1 (Chapter 3.1).
EA 347,Ash. 1893 1-41: 422,a lexical list?,Ch.4 SCHOLARLY TEXTS,,As EA 340.,See EA 1 (Chapter 3.1).
EA 348,Ash. 1893 1-41: 419,a fragment of a S* signlist,Ch.4 SCHOLARLY TEXTS,,As EA 340.,See EA 1 (Chapter 3.1).
EA 349,Ash. 1893 1-41: 428,a fragment of a syllabary?,Ch.4 SCHOLARLY TEXTS,,As EA 340.,See EA 1 (Chapter 3.1).
EA 350,Ash. 1893 1-41: 425,a fragment of a tu-ta-ti exercise,Ch.4 SCHOLARLY TEXTS,,As EA 340.,See EA 1 (Chapter 3.1).
EA 354,Ash. 1893 1-41: 418,a fragment of diri,Ch.4 SCHOLARLY TEXTS,,As EA 340.,See EA | (Chapter 3.1).
EA 355,Ash 1893.1-41: 416,inscribed cylinder,Ch.4 SCHOLARLY TEXTS,,The microlamination may be the result of the use of shales of lower quality than in the other tablets.,See EA | (Chapter 3.1).
EA 356,VAT 348,the myth of Adapa and the South Wind,Ch.4 SCHOLARLY TEXTS,,This tablet was probably made of Euphrates sediment.,See Chapter 3.III.
EA 357,VAT 1611 + 1613 +1614 + 2710; BM 29865,the myth of Nergal and Ereshkigal,Ch.4 SCHOLARLY TEXTS,,As EA 340.,See EA | (Chapter 3.I).
EA 358,VAT 1612 + 2708,a narrative of still undetermined genre,Ch.4 SCHOLARLY TEXTS,,As EA 340. |,See EA | (Chapter 3.1).
EA 362,AO 7093,from Rib-Hadda to the King of Egypt,Ch.9 THE LEBANESE LITTORAL,I. BYBLOS (GUBLA),As EA 90.,
EA 363,AO 7097,from Abdi-Risha of Enishasi to the King of Egypt,Ch.8 THE LEBANESE BEQA’,IV. A GROUP OF IDENTICAL LETTERS SENT BY FOUR BEQA‘ RULERS,"and conclusions: As EA 187 of Enishasi, with some volcanoclastic component.",
EA 364,AO 7094,from Ayyab to the King of Egypt,Ch.11 THE BASHAN AREA,V. ASHTAROTH (ASHTARTU),and conclusions: EA 364 belongs to a group of letters which were probably dispatched from Ashtaroth (Table 11.1).,
EA 365,AO 7098,from Biridiya to the King of Egypt,"Ch.12 THE GALILEE, THE COASTAL PLAIN OF ACCO",VI. MEGIDDO (MAGIDDA),and reference: Maastrichtian chalky marl of the Ghareb formation,
EA 366,AO 7096,from Shuwardatu to the King of Egypt,Ch.14 THE SHEPHELAH AND THE SOUTHERN COASTAL PLAIN,I. GEZER (GAZRU),and conclusions: As EA 279.,
EA 367,AO 7095,from the King of Egypt to Endaruta of Akshapa,Ch.3 LETTERS OF THE GREAT POWERS,I. EGYPT,and conclusions: The petrographic affinities of EA 367 are similar to EA | and EA 14.,
EA 368,Ash. 1921-1154,Egyptian-Akkadian vocabulary,Ch.4 SCHOLARLY TEXTS,,As EA 340.,"Similar clay is recorded in 18th Dynasty pottery from el-Amarna (Hope et al. 1981, Bourriau"
EA 370,BM 134870,from the King of Egypt to Yidia of Ashkelon,Ch.3 LETTERS OF THE GREAT POWERS,I. EGYPT,,
EA 378,BM 50745,from Yapahu to the King of Egypt,Ch.14 THE SHEPHELAH AND THE SOUTHERN COASTAL PLAIN,I. GEZER (GAZRU),See EA 298.,
EA 382,BM 58364,small fragment of a letter from an Egyptian official (?),Ch.3 LETTERS OF THE GREAT POWERS,I. EGYPT,By its petrographic affinities the clay of this tablet is identified as Nile silt.,
